[22:25:26] [main/INFO]: Loading Minecraft 26.1.2 with Fabric Loader 0.19.2
[22:25:26] [main/INFO]: Mappings not present!
[22:25:26] [main/INFO]: Loading 46 mods:
	- chunky 1.5.3
	- fabric-api 0.151.0+26.1.2
	   |-- fabric-api-base 2.0.3+ece063234c
	   |-- fabric-api-lookup-api-v1 2.0.11+d5a053b64c
	   |-- fabric-biome-api-v1 18.0.5+2fa62b4e4c
	   |-- fabric-block-api-v1 3.0.2+ec56b6014c
	   |-- fabric-block-getter-api-v2 2.0.6+ec56b6014c
	   |-- fabric-command-api-v2 3.0.5+e2bdee784c
	   |-- fabric-content-registries-v0 11.2.0+76b0b6bb4c
	   |-- fabric-convention-tags-v2 4.6.1+4f11f7994c
	   |-- fabric-crash-report-info-v1 1.0.3+9f78a5a84c
	   |-- fabric-creative-tab-api-v1 5.0.11+d871b99e4c
	   |-- fabric-data-attachment-api-v1 2.2.8+44a0bd1d4c
	   |-- fabric-data-generation-api-v1 24.3.0+83dd0ba34c
	   |-- fabric-debug-api-v1 1.0.1+c792624d4c
	   |-- fabric-dimensions-v1 5.1.5+9cbf5da54c
	   |-- fabric-entity-events-v1 5.0.2+e2bdee784c
	   |-- fabric-events-interaction-v0 5.2.2+07b380be4c
	   |-- fabric-game-rule-api-v1 4.0.5+d871b99e4c
	   |-- fabric-item-api-v1 14.1.2+73d134684c
	   |-- fabric-key-mapping-api-v1 2.0.4+e2bdee784c
	   |-- fabric-lifecycle-events-v1 4.1.0+6d50a0854c
	   |-- fabric-loot-api-v3 3.0.12+00a1fba64c
	   |-- fabric-menu-api-v1 2.0.14+d871b99e4c
	   |-- fabric-message-api-v1 7.0.5+dae8ce3e4c
	   |-- fabric-model-loading-api-v1 8.0.7+c80601bb4c
	   |-- fabric-networking-api-v1 6.3.1+554860db4c
	   |-- fabric-object-builder-api-v1 23.0.17+b95dd56e4c
	   |-- fabric-particles-v1 5.0.15+b61fef434c
	   |-- fabric-permission-api-v1 1.0.1+c3369b134c
	   |-- fabric-recipe-api-v1 9.0.15+be4b75ae4c
	   |-- fabric-registry-sync-v0 7.1.0+2fa62b4e4c
	   |-- fabric-renderer-api-v1 13.0.4+c80601bb4c
	   |-- fabric-renderer-indigo 8.1.1+1403e82c4c
	   |-- fabric-rendering-fluids-v1 6.0.1+d871b99e4c
	   |-- fabric-rendering-v1 23.1.1+1403e82c4c
	   |-- fabric-resource-conditions-api-v1 6.1.0+83dd0ba34c
	   |-- fabric-resource-loader-v0 3.3.17+4fc5413f4c
	   |-- fabric-resource-loader-v1 2.0.10+7c44c7324c
	   |-- fabric-screen-api-v1 5.0.1+d871b99e4c
	   |-- fabric-serialization-api-v1 2.0.3+11a26f314c
	   |-- fabric-sound-api-v1 2.0.4+11a26f314c
	   |-- fabric-tag-api-v1 2.1.1+371cf5db4c
	   |-- fabric-transfer-api-v1 8.0.5+357ea7334c
	   \-- fabric-transitive-access-wideners-v1 8.1.1+7f80f93d4c
	- fabricloader 0.19.2
	   \-- mixinextras 0.5.4
	- java 25
	- minecraft 26.1.2
	- skinrestorer 2.8.0+26.1-fabric
	   \-- org_mineskin_java-client 3.2.1-SNAPSHOT
	- voicechat 2.6.18+26.1.2
	   |-- fabric-key-mapping-api-v1 2.0.4+e2bdee7847
	   |-- fabric-rendering-v1 23.0.4+10de3da347
	   \-- voicechat_api 2.6.13
[22:25:26] [main/INFO]: SpongePowered MIXIN Subsystem Version=0.8.7 Source=file:/workspaces/UHCn-t/servidor_minecraft/libraries/net/fabricmc/sponge-mixin/0.17.2+mixin.0.8.7/sponge-mixin-0.17.2+mixin.0.8.7.jar Service=Knot/Fabric Env=SERVER
[22:25:26] [main/INFO]: Compatibility level set to JAVA_17
[22:25:26] [main/INFO]: Compatibility level set to JAVA_25
[22:25:26] [main/WARN]: Reference map 'skinrestorer.refmap.json' for skinrestorer.mixins.json could not be read. If this is a development environment you can ignore this message
[22:25:26] [main/WARN]: Reference map 'skinrestorer.refmap.json' for skinrestorer.fabric.mixins.json could not be read. If this is a development environment you can ignore this message
[22:25:27] [main/INFO]: Initializing MixinExtras via com.llamalad7.mixinextras.service.MixinExtrasServiceImpl(version=0.5.4).
[22:25:35] [main/INFO]: [voicechat] Compatibility version 20
[22:25:35] [main/INFO]: [voicechat] Loading plugins
[22:25:35] [main/INFO]: [voicechat] Loaded 0 plugin(s)
[22:25:35] [main/INFO]: [voicechat] Initializing plugins
[22:25:35] [main/INFO]: [voicechat] Initialized 0 plugin(s)
[22:25:35] [main/INFO]: Environment: Environment[sessionHost=https://sessionserver.mojang.com, servicesHost=https://api.minecraftservices.com, profilesHost=https://api.mojang.com, name=PROD]
[22:25:35] [main/WARN]: Error reading pack metadata, attempting fallback type
com.google.gson.JsonParseException: Pack declares support for version newer than 81, but is missing mandatory fields min_format and max_format
	at knot//com.mojang.serialization.DataResult$Error.getOrThrow(DataResult.java:287)
	at knot//net.minecraft.server.packs.resources.ResourceMetadata$2.getSection(ResourceMetadata.java:40)
	at knot//net.minecraft.server.packs.AbstractPackResources.getMetadataSection(AbstractPackResources.java:26)
	at knot//net.minecraft.server.packs.repository.Pack.readPackMetadata(Pack.java:56)
	at knot//net.minecraft.server.packs.repository.Pack.readMetaAndCreate(Pack.java:41)
	at knot//net.minecraft.server.packs.repository.FolderRepositorySource.lambda$loadPacks$0(FolderRepositorySource.java:63)
	at knot//net.minecraft.server.packs.repository.FolderRepositorySource.discoverPacks(FolderRepositorySource.java:94)
	at knot//net.minecraft.server.packs.repository.FolderRepositorySource.loadPacks(FolderRepositorySource.java:59)
	at knot//net.minecraft.server.packs.repository.PackRepository.discoverAvailable(PackRepository.java:43)
	at knot//net.minecraft.server.packs.repository.PackRepository.reload(PackRepository.java:36)
	at knot//net.minecraft.server.MinecraftServer.configurePackRepository(MinecraftServer.java:1576)
	at knot//net.minecraft.server.WorldLoader$PackConfig.createResourceManager(WorldLoader.java:87)
	at java.base/java.util.concurrent.CompletableFuture$AsyncSupply.run(CompletableFuture.java:1789)
	at knot//net.minecraft.util.Util.blockUntilDone(Util.java:1105)
	at knot//net.minecraft.util.Util.blockUntilDone(Util.java:1093)
	at knot//net.minecraft.server.Main.main(Main.java:172)
	at net.fabricmc.loader.impl.game.minecraft.MinecraftGameProvider.launch(MinecraftGameProvider.java:514)
	at net.fabricmc.loader.impl.launch.knot.Knot.launch(Knot.java:72)
	at net.fabricmc.loader.impl.launch.knot.KnotServer.main(KnotServer.java:23)
	at net.fabricmc.loader.impl.launch.server.FabricServerLauncher.main(FabricServerLauncher.java:69)
	at net.fabricmc.installer.ServerLauncher.main(ServerLauncher.java:69)
[22:25:37] [main/INFO]: Loaded 1515 recipes
[22:25:37] [main/INFO]: Loaded 1617 advancements
[22:25:37] [main/INFO]: Applied 0 biome modifications to 0 of 65 new biomes in 1.576 ms
[22:25:37] [Server thread/INFO]: Starting minecraft server version 26.1.2
[22:25:37] [Server thread/INFO]: Loading properties
[22:25:37] [Server thread/INFO]: Default game type: SURVIVAL
[22:25:37] [Server thread/INFO]: Generating keypair
[22:25:37] [Server thread/INFO]: Starting Minecraft server on *:25565
[22:25:37] [Server thread/WARN]: **** SERVER IS RUNNING IN OFFLINE/INSECURE MODE!
[22:25:37] [Server thread/WARN]: The server will make no attempt to authenticate usernames. Beware.
[22:25:37] [Server thread/WARN]: While this makes the game possible to play without internet access, it also opens up the ability for hackers to connect with any username they choose.
[22:25:37] [Server thread/WARN]: To change this, set "online-mode" to "true" in the server.properties file.
[22:25:37] [Server thread/INFO]: Preparing level "evento"
[22:25:38] [Server thread/INFO]: Loading 0 persistent chunks...
[22:25:38] [Server thread/INFO]: Preparing spawn area: 100%
[22:25:38] [Server thread/INFO]: Time elapsed: 90 ms
[22:25:38] [Server thread/INFO]: Done (0.954s)! For help, type "help"
[22:25:38] [Server thread/INFO]: Saving chunks for level 'ServerLevel[evento]'/minecraft:overworld
[22:25:38] [Server thread/INFO]: Saving chunks for level 'ServerLevel[evento]'/minecraft:the_end
[22:25:39] [Server thread/INFO]: Saving chunks for level 'ServerLevel[evento]'/minecraft:the_nether
[22:25:39] [Server thread/INFO]: ThreadedAnvilChunkStorage (world): All chunks are saved
[22:25:39] [Server thread/INFO]: ThreadedAnvilChunkStorage (DIM1): All chunks are saved
[22:25:39] [Server thread/INFO]: ThreadedAnvilChunkStorage (DIM-1): All chunks are saved
[22:25:39] [Server thread/INFO]: ThreadedAnvilChunkStorage: All dimensions are saved
[22:25:39] [Server thread/WARN]: [voicechat] Running in offline mode - Voice chat encryption is not secure!
[22:25:39] [VoiceChatServerThread/INFO]: [voicechat] Voice chat server started at 100.124.231.12:24454
[22:25:44] [Server thread/INFO]: Thes912[/100.103.217.64:60957] logged in with entity id 12 at (-139.01230533702338, 231.0, -254.91117273162416)
[22:25:44] [Server thread/INFO]: [ADMIN] Thes912 joined the game
[22:25:44] [Server thread/INFO]: [voicechat] Received secret request of Thes912 (20)
[22:25:44] [Server thread/INFO]: [voicechat] Sent secret to Thes912
[22:25:44] [VoiceChatPacketProcessingThread/INFO]: [voicechat] Successfully authenticated player 17c02a80-287c-36f3-8d5b-017a749af7a7
[22:25:45] [VoiceChatPacketProcessingThread/INFO]: [voicechat] Successfully validated connection of player 17c02a80-287c-36f3-8d5b-017a749af7a7
[22:25:45] [VoiceChatPacketProcessingThread/INFO]: [voicechat] Player Thes912 (17c02a80-287c-36f3-8d5b-017a749af7a7) successfully connected to voice chat
[22:25:46] [Server thread/INFO]: LaCerdita69[/100.86.33.105:50111] logged in with entity id 133 at (13.685944446551547, 110.0, -10.154261117295684)
[22:25:46] [Server thread/INFO]: LaCerdita69 joined the game
[22:25:46] [Server thread/INFO]: [voicechat] Received secret request of LaCerdita69 (20)
[22:25:46] [Server thread/INFO]: [voicechat] Sent secret to LaCerdita69
[22:25:47] [VoiceChatPacketProcessingThread/INFO]: [voicechat] Successfully authenticated player 87d39db5-da05-32f8-af27-e2fadb2dfbd9
[22:25:48] [VoiceChatPacketProcessingThread/INFO]: [voicechat] Successfully validated connection of player 87d39db5-da05-32f8-af27-e2fadb2dfbd9
[22:25:48] [VoiceChatPacketProcessingThread/INFO]: [voicechat] Player LaCerdita69 (87d39db5-da05-32f8-af27-e2fadb2dfbd9) successfully connected to voice chat
[22:25:50] [Server thread/INFO]: [[ADMIN] Thes912: Teleported LaCerdita69 to [ADMIN] Thes912]
[22:25:58] [Server thread/INFO]: ggjero[/100.103.141.113:63231] logged in with entity id 373 at (9.956537150229051, 108.0, 8.894142643310852)
[22:25:58] [Server thread/INFO]: ggjero joined the game
[22:25:58] [Server thread/INFO]: [voicechat] Received secret request of ggjero (20)
[22:25:58] [Server thread/INFO]: [voicechat] Sent secret to ggjero
[22:25:59] [VoiceChatPacketProcessingThread/INFO]: [voicechat] Successfully authenticated player ddcff330-8d0e-3a6f-a954-2f8da0e5ea95
[22:26:00] [VoiceChatPacketProcessingThread/INFO]: [voicechat] Successfully validated connection of player ddcff330-8d0e-3a6f-a954-2f8da0e5ea95
[22:26:00] [VoiceChatPacketProcessingThread/INFO]: [voicechat] Player ggjero (ddcff330-8d0e-3a6f-a954-2f8da0e5ea95) successfully connected to voice chat
[22:26:05] [Server thread/INFO]: [[ADMIN] Thes912: Teleported ggjero to [ADMIN] Thes912]
[22:26:25] [SkinRestorer-Fetch-4/WARN]: Failed to fetch skin 'mojang:cosoduts'
java.lang.IllegalStateException: not found
	at knot//net.lionarius.skinrestorer.util.WebUtils.throwOnClientErrors(WebUtils.java:133)
	at knot//net.lionarius.skinrestorer.skin.provider.base.YggdrasilSkinProvider.getProfile(YggdrasilSkinProvider.java:52)
	at knot//net.lionarius.skinrestorer.skin.provider.builtin.MojangSkinProvider.access$100(MojangSkinProvider.java:19)
	at knot//net.lionarius.skinrestorer.skin.provider.builtin.MojangSkinProvider$1.findProfileByName(MojangSkinProvider.java:58)
	at knot//net.minecraft.server.players.CachedUserNameToIdResolver.lookupGameProfile(CachedUserNameToIdResolver.java:73)
	at knot//net.minecraft.server.players.CachedUserNameToIdResolver.get(CachedUserNameToIdResolver.java:134)
	at knot//net.lionarius.skinrestorer.skin.provider.builtin.MojangSkinProvider.resolveUuid(MojangSkinProvider.java:89)
	at knot//net.lionarius.skinrestorer.skin.provider.base.ProfileSkinProvider.getCacheKey(ProfileSkinProvider.java:63)
	at knot//net.lionarius.skinrestorer.skin.provider.base.ProfileSkinProvider.getCacheKey(ProfileSkinProvider.java:19)
	at knot//net.lionarius.skinrestorer.skin.provider.base.AbstractSkinProvider.fetchSkin(AbstractSkinProvider.java:51)
	at knot//net.minecraft.server.network.ServerLoginPacketListenerImpl.md776234$skinrestorer$lambda$skinrestorer$fetchSkin$0$1(ServerLoginPacketListenerImpl.java:1614)
	at java.base/java.util.Optional.map(Optional.java:260)
	at knot//net.minecraft.server.network.ServerLoginPacketListenerImpl.skinrestorer$fetchSkin(ServerLoginPacketListenerImpl.java:1614)
	at knot//net.minecraft.server.network.ServerLoginPacketListenerImpl.md776234$skinrestorer$lambda$waitForSkin$0$2(ServerLoginPacketListenerImpl.java:1592)
	at java.base/java.util.concurrent.CompletableFuture$AsyncSupply.run(CompletableFuture.java:1789)
	at java.base/java.util.concurrent.ThreadPoolExecutor.runWorker(ThreadPoolExecutor.java:1090)
	at java.base/java.util.concurrent.ThreadPoolExecutor$Worker.run(ThreadPoolExecutor.java:614)
	at java.base/java.lang.Thread.run(Thread.java:1474)
[22:26:27] [Server thread/INFO]: cosoduts[/100.74.181.27:63469] logged in with entity id 605 at (23.291212831733873, 114.0, 14.245521394610954)
[22:26:27] [Server thread/INFO]: cosoduts joined the game
[22:26:32] [Server thread/INFO]: [[ADMIN] Thes912: Teleported cosoduts to [ADMIN] Thes912]
[22:26:45] [Server thread/INFO]: [Not Secure] <[ADMIN] Thes912> cosoduts prueba a instalarte el voice chat
[22:26:52] [Server thread/WARN]: Mismatch in destroy block pos: BlockPos{x=0, y=0, z=0} BlockPos{x=-131, y=232, z=-250}
[22:26:53] [Server thread/WARN]: Mismatch in destroy block pos: BlockPos{x=0, y=0, z=0} BlockPos{x=-137, y=230, z=-254}
[22:26:53] [Server thread/WARN]: Mismatch in destroy block pos: BlockPos{x=0, y=0, z=0} BlockPos{x=-138, y=230, z=-253}
[22:26:53] [Server thread/WARN]: Mismatch in destroy block pos: BlockPos{x=0, y=0, z=0} BlockPos{x=-138, y=230, z=-252}
[22:26:53] [Server thread/WARN]: Mismatch in destroy block pos: BlockPos{x=0, y=0, z=0} BlockPos{x=-138, y=231, z=-250}
[22:26:56] [Server thread/WARN]: Mismatch in destroy block pos: BlockPos{x=0, y=0, z=0} BlockPos{x=-136, y=230, z=-251}
[22:26:57] [Server thread/WARN]: Mismatch in destroy block pos: BlockPos{x=0, y=0, z=0} BlockPos{x=-136, y=230, z=-252}
[22:27:01] [Server thread/WARN]: Mismatch in destroy block pos: BlockPos{x=0, y=0, z=0} BlockPos{x=-138, y=230, z=-252}
[22:27:01] [Server thread/WARN]: Mismatch in destroy block pos: BlockPos{x=0, y=0, z=0} BlockPos{x=-138, y=230, z=-253}
[22:27:03] [Server thread/WARN]: Mismatch in destroy block pos: BlockPos{x=0, y=0, z=0} BlockPos{x=-130, y=232, z=-252}
[22:27:03] [Server thread/WARN]: Mismatch in destroy block pos: BlockPos{x=0, y=0, z=0} BlockPos{x=-130, y=231, z=-252}
[22:27:18] [Server thread/INFO]: [Not Secure] <[ADMIN] Thes912> ayyy
[22:27:20] [Server thread/INFO]: [Not Secure] <[ADMIN] Thes912> se me olvido eso
[22:27:21] [Server thread/INFO]: [Not Secure] <[ADMIN] Thes912> gnrra
[22:27:23] [Server thread/INFO]: [Not Secure] <[ADMIN] Thes912> JAJAJAJA
[22:27:26] [Server thread/INFO]: [Not Secure] <[ADMIN] Thes912> pere ya cuadro
[22:27:27] [Server thread/INFO]: [Not Secure] <cosoduts> guenas
[22:27:33] [Server thread/WARN]: Mismatch in destroy block pos: BlockPos{x=0, y=0, z=0} BlockPos{x=-130, y=232, z=-254}
[22:27:34] [Server thread/WARN]: Mismatch in destroy block pos: BlockPos{x=0, y=0, z=0} BlockPos{x=-131, y=230, z=-258}
[22:27:38] [Server thread/INFO]: [Not Secure] <cosoduts> severa skin
[22:27:38] [Server thread/INFO]: [[ADMIN] Thes912: Set minecraft:overworld to time marker minecraft:day]
[22:27:38] [Server thread/WARN]: Mismatch in destroy block pos: BlockPos{x=0, y=0, z=0} BlockPos{x=-131, y=231, z=-262}
[22:27:40] [Server thread/WARN]: Mismatch in destroy block pos: BlockPos{x=0, y=0, z=0} BlockPos{x=-136, y=230, z=-258}
[22:27:40] [Server thread/WARN]: Mismatch in destroy block pos: BlockPos{x=0, y=0, z=0} BlockPos{x=-136, y=230, z=-259}
[22:27:41] [Server thread/WARN]: Mismatch in destroy block pos: BlockPos{x=0, y=0, z=0} BlockPos{x=-135, y=230, z=-258}
[22:27:41] [Server thread/WARN]: Mismatch in destroy block pos: BlockPos{x=0, y=0, z=0} BlockPos{x=-136, y=230, z=-257}
[22:27:42] [Server thread/WARN]: Mismatch in destroy block pos: BlockPos{x=0, y=0, z=0} BlockPos{x=-130, y=232, z=-258}
[22:27:42] [Server thread/WARN]: Mismatch in destroy block pos: BlockPos{x=0, y=0, z=0} BlockPos{x=-135, y=232, z=-262}
[22:27:42] [Server thread/WARN]: Mismatch in destroy block pos: BlockPos{x=0, y=0, z=0} BlockPos{x=-136, y=232, z=-262}
[22:27:42] [Server thread/WARN]: Mismatch in destroy block pos: BlockPos{x=0, y=0, z=0} BlockPos{x=-134, y=230, z=-260}
[22:27:42] [Server thread/WARN]: Mismatch in destroy block pos: BlockPos{x=0, y=0, z=0} BlockPos{x=-136, y=230, z=-260}
[22:27:43] [Server thread/WARN]: Mismatch in destroy block pos: BlockPos{x=0, y=0, z=0} BlockPos{x=-140, y=230, z=-258}
[22:27:43] [Server thread/WARN]: Mismatch in destroy block pos: BlockPos{x=0, y=0, z=0} BlockPos{x=-140, y=230, z=-259}
[22:27:43] [Server thread/WARN]: Mismatch in destroy block pos: BlockPos{x=0, y=0, z=0} BlockPos{x=-139, y=230, z=-259}
[22:27:43] [Server thread/WARN]: Mismatch in destroy block pos: BlockPos{x=0, y=0, z=0} BlockPos{x=-138, y=230, z=-259}
[22:27:43] [Server thread/WARN]: Mismatch in destroy block pos: BlockPos{x=0, y=0, z=0} BlockPos{x=-138, y=230, z=-258}
[22:27:45] [Server thread/WARN]: Mismatch in destroy block pos: BlockPos{x=0, y=0, z=0} BlockPos{x=-143, y=232, z=-254}
[22:27:46] [Server thread/WARN]: Mismatch in destroy block pos: BlockPos{x=0, y=0, z=0} BlockPos{x=-143, y=232, z=-255}
[22:27:46] [Server thread/WARN]: Mismatch in destroy block pos: BlockPos{x=0, y=0, z=0} BlockPos{x=-143, y=233, z=-255}
[22:27:47] [Server thread/INFO]: LaCerdita69 was killed
[22:27:47] [Server thread/INFO]: [[ADMIN] Thes912: Killed LaCerdita69]
[22:27:48] [Server thread/WARN]: Mismatch in destroy block pos: BlockPos{x=0, y=0, z=0} BlockPos{x=-130, y=232, z=-252}
[22:27:49] [Server thread/WARN]: Mismatch in destroy block pos: BlockPos{x=0, y=0, z=0} BlockPos{x=-131, y=232, z=-250}
[22:27:49] [Server thread/WARN]: Mismatch in destroy block pos: BlockPos{x=0, y=0, z=0} BlockPos{x=-132, y=232, z=-250}
[22:27:49] [Server thread/WARN]: Mismatch in destroy block pos: BlockPos{x=0, y=0, z=0} BlockPos{x=-134, y=230, z=-256}
[22:27:49] [Server thread/WARN]: Mismatch in destroy block pos: BlockPos{x=0, y=0, z=0} BlockPos{x=-133, y=232, z=-250}
[22:27:49] [Server thread/WARN]: Mismatch in destroy block pos: BlockPos{x=0, y=0, z=0} BlockPos{x=-131, y=230, z=-253}
[22:27:49] [Server thread/WARN]: Mismatch in destroy block pos: BlockPos{x=0, y=0, z=0} BlockPos{x=-133, y=230, z=-253}
[22:27:50] [Server thread/WARN]: Mismatch in destroy block pos: BlockPos{x=0, y=0, z=0} BlockPos{x=-133, y=230, z=-252}
[22:27:51] [Server thread/WARN]: Mismatch in destroy block pos: BlockPos{x=0, y=0, z=0} BlockPos{x=-141, y=230, z=-253}
[22:27:51] [Server thread/WARN]: Mismatch in destroy block pos: BlockPos{x=0, y=0, z=0} BlockPos{x=-139, y=230, z=-251}
[22:27:51] [Server thread/WARN]: Mismatch in destroy block pos: BlockPos{x=0, y=0, z=0} BlockPos{x=-137, y=231, z=-250}
[22:27:51] [Server thread/WARN]: Mismatch in destroy block pos: BlockPos{x=0, y=0, z=0} BlockPos{x=-136, y=231, z=-250}
[22:27:51] [Server thread/WARN]: Mismatch in destroy block pos: BlockPos{x=0, y=0, z=0} BlockPos{x=-135, y=231, z=-250}
[22:27:52] [Server thread/WARN]: Mismatch in destroy block pos: BlockPos{x=0, y=0, z=0} BlockPos{x=-137, y=233, z=-250}
[22:27:52] [Server thread/WARN]: Mismatch in destroy block pos: BlockPos{x=0, y=0, z=0} BlockPos{x=-140, y=230, z=-253}
[22:27:52] [Server thread/WARN]: Mismatch in destroy block pos: BlockPos{x=0, y=0, z=0} BlockPos{x=-139, y=230, z=-253}
[22:27:52] [Server thread/WARN]: Mismatch in destroy block pos: BlockPos{x=0, y=0, z=0} BlockPos{x=-137, y=230, z=-254}
[22:27:52] [Server thread/WARN]: Mismatch in destroy block pos: BlockPos{x=0, y=0, z=0} BlockPos{x=-136, y=230, z=-254}
[22:27:53] [Server thread/WARN]: Mismatch in destroy block pos: BlockPos{x=0, y=0, z=0} BlockPos{x=-136, y=230, z=-255}
[22:27:53] [Server thread/INFO]: [[ADMIN] Thes912: Teleported [ADMIN] Thes912 to LaCerdita69]
[22:27:53] [Server thread/WARN]: Mismatch in destroy block pos: BlockPos{x=0, y=0, z=0} BlockPos{x=-139, y=232, z=-250}
[22:27:53] [Server thread/WARN]: Mismatch in destroy block pos: BlockPos{x=0, y=0, z=0} BlockPos{x=-140, y=232, z=-250}
[22:27:54] [Server thread/WARN]: Mismatch in destroy block pos: BlockPos{x=0, y=0, z=0} BlockPos{x=-141, y=231, z=-250}
[22:27:54] [Server thread/WARN]: Mismatch in destroy block pos: BlockPos{x=0, y=0, z=0} BlockPos{x=-143, y=233, z=-251}
[22:27:54] [Server thread/WARN]: Mismatch in destroy block pos: BlockPos{x=0, y=0, z=0} BlockPos{x=-143, y=231, z=-251}
[22:27:54] [Server thread/WARN]: Mismatch in destroy block pos: BlockPos{x=0, y=0, z=0} BlockPos{x=-142, y=230, z=-252}
[22:27:55] [Server thread/WARN]: Mismatch in destroy block pos: BlockPos{x=0, y=0, z=0} BlockPos{x=-138, y=230, z=-251}
[22:27:55] [Server thread/WARN]: Mismatch in destroy block pos: BlockPos{x=0, y=0, z=0} BlockPos{x=-142, y=234, z=-252}
[22:27:55] [Server thread/WARN]: Mismatch in destroy block pos: BlockPos{x=0, y=0, z=0} BlockPos{x=-142, y=234, z=-254}
[22:27:55] [Server thread/INFO]: [[ADMIN] Thes912: Teleported [ADMIN] Thes912 to cosoduts]
[22:27:56] [Server thread/INFO]: cosoduts was slain by ggjero
[22:27:59] [Server thread/INFO]: [[ADMIN] Thes912: Set the world spawn point to -140, 230, -252 [0.0, 0.0] in minecraft:overworld]
[22:28:01] [Server thread/INFO]: [[ADMIN] Thes912: Teleported 4 entities to [ADMIN] Thes912]
[22:28:01] [Server thread/WARN]: Mismatch in destroy block pos: BlockPos{x=-145, y=113, z=-276} BlockPos{x=-140, y=230, z=-252}
[22:28:01] [Server thread/WARN]: Mismatch in destroy block pos: BlockPos{x=-145, y=113, z=-276} BlockPos{x=-140, y=230, z=-253}
[22:28:04] [Server thread/WARN]: Mismatch in destroy block pos: BlockPos{x=0, y=0, z=0} BlockPos{x=-141, y=230, z=-253}
[22:28:07] [Server thread/WARN]: Mismatch in destroy block pos: BlockPos{x=0, y=0, z=0} BlockPos{x=-142, y=230, z=-253}
[22:28:07] [Server thread/WARN]: Mismatch in destroy block pos: BlockPos{x=0, y=0, z=0} BlockPos{x=-141, y=230, z=-252}
[22:28:07] [Server thread/WARN]: Mismatch in destroy block pos: BlockPos{x=0, y=0, z=0} BlockPos{x=-142, y=230, z=-252}
[22:28:07] [Server thread/WARN]: Mismatch in destroy block pos: BlockPos{x=0, y=0, z=0} BlockPos{x=-142, y=230, z=-253}
[22:28:07] [Server thread/WARN]: Mismatch in destroy block pos: BlockPos{x=0, y=0, z=0} BlockPos{x=-142, y=230, z=-252}
[22:28:17] [Server thread/INFO]: ggjero was slain by cosoduts
[22:28:27] [Server thread/INFO]: [Not Secure] <ggjero> subeme
[22:28:29] [Server thread/INFO]: [[ADMIN] Thes912: Gamerule locator_bar is now set to: false]
[22:28:33] [Server thread/INFO]: [[ADMIN] Thes912: Teleported [ADMIN] Thes912 to ggjero]
[22:28:39] [Server thread/INFO]: [Not Secure] <cosoduts> severa skin mano baaaaf
[22:28:50] [Server thread/INFO]: [[ADMIN] Thes912: Teleported [ADMIN] Thes912 to cosoduts]
[22:28:53] [Server thread/INFO]: [[ADMIN] Thes912: Teleported 4 entities to [ADMIN] Thes912]
[22:28:58] [Server thread/INFO]: [[ADMIN] Thes912: Set the world spawn point to -131, 230, -254 [0.0, 0.0] in minecraft:overworld]
[22:29:02] [Server thread/INFO]: [[ADMIN] Thes912: Set spawn point to -131, 230, -253 [0.0, 0.0] in minecraft:overworld for 4 players]
[22:29:28] [Server thread/WARN]: Mismatch in destroy block pos: BlockPos{x=-145, y=113, z=-276} BlockPos{x=-130, y=233, z=-254}
[22:29:29] [Server thread/WARN]: Mismatch in destroy block pos: BlockPos{x=-145, y=113, z=-276} BlockPos{x=-130, y=233, z=-254}
[22:29:29] [Server thread/WARN]: Mismatch in destroy block pos: BlockPos{x=-145, y=113, z=-276} BlockPos{x=-130, y=233, z=-254}
[22:29:29] [Server thread/WARN]: Mismatch in destroy block pos: BlockPos{x=-145, y=113, z=-276} BlockPos{x=-130, y=233, z=-254}
[22:29:29] [Server thread/WARN]: Mismatch in destroy block pos: BlockPos{x=-145, y=113, z=-276} BlockPos{x=-130, y=233, z=-254}
[22:29:30] [Server thread/WARN]: Mismatch in destroy block pos: BlockPos{x=-145, y=113, z=-276} BlockPos{x=-130, y=233, z=-254}
[22:29:30] [Server thread/WARN]: Mismatch in destroy block pos: BlockPos{x=-145, y=113, z=-276} BlockPos{x=-130, y=233, z=-254}
[22:29:30] [Server thread/WARN]: Mismatch in destroy block pos: BlockPos{x=-145, y=113, z=-276} BlockPos{x=-130, y=233, z=-254}
[22:29:30] [Server thread/WARN]: Mismatch in destroy block pos: BlockPos{x=-145, y=113, z=-276} BlockPos{x=-130, y=233, z=-253}
[22:29:31] [Server thread/WARN]: Mismatch in destroy block pos: BlockPos{x=-145, y=113, z=-276} BlockPos{x=-130, y=233, z=-252}
[22:29:31] [Server thread/WARN]: Mismatch in destroy block pos: BlockPos{x=-145, y=113, z=-276} BlockPos{x=-130, y=233, z=-251}
[22:29:43] [Server thread/INFO]: [Not Secure] <ggjero> nos escuchas?
[22:29:48] [Server thread/WARN]: Mismatch in destroy block pos: BlockPos{x=0, y=0, z=0} BlockPos{x=-136, y=230, z=-254}
[22:29:48] [Server thread/WARN]: Mismatch in destroy block pos: BlockPos{x=0, y=0, z=0} BlockPos{x=-136, y=230, z=-253}
[22:29:49] [Server thread/WARN]: Mismatch in destroy block pos: BlockPos{x=0, y=0, z=0} BlockPos{x=-135, y=230, z=-253}
[22:30:06] [Server thread/INFO]: [Not Secure] <ggjero> ponte el voice chat
[22:30:08] [SkinRestorer-Fetch-5/WARN]: Failed to fetch skin 'mojang:IsuName_'
java.lang.IllegalStateException: not found
	at knot//net.lionarius.skinrestorer.util.WebUtils.throwOnClientErrors(WebUtils.java:133)
	at knot//net.lionarius.skinrestorer.skin.provider.base.YggdrasilSkinProvider.getProfile(YggdrasilSkinProvider.java:52)
	at knot//net.lionarius.skinrestorer.skin.provider.builtin.MojangSkinProvider.access$100(MojangSkinProvider.java:19)
	at knot//net.lionarius.skinrestorer.skin.provider.builtin.MojangSkinProvider$1.findProfileByName(MojangSkinProvider.java:58)
	at knot//net.minecraft.server.players.CachedUserNameToIdResolver.lookupGameProfile(CachedUserNameToIdResolver.java:73)
	at knot//net.minecraft.server.players.CachedUserNameToIdResolver.get(CachedUserNameToIdResolver.java:134)
	at knot//net.lionarius.skinrestorer.skin.provider.builtin.MojangSkinProvider.resolveUuid(MojangSkinProvider.java:89)
	at knot//net.lionarius.skinrestorer.skin.provider.base.ProfileSkinProvider.getCacheKey(ProfileSkinProvider.java:63)
	at knot//net.lionarius.skinrestorer.skin.provider.base.ProfileSkinProvider.getCacheKey(ProfileSkinProvider.java:19)
	at knot//net.lionarius.skinrestorer.skin.provider.base.AbstractSkinProvider.fetchSkin(AbstractSkinProvider.java:51)
	at knot//net.minecraft.server.network.ServerLoginPacketListenerImpl.md776234$skinrestorer$lambda$skinrestorer$fetchSkin$0$1(ServerLoginPacketListenerImpl.java:1614)
	at java.base/java.util.Optional.map(Optional.java:260)
	at knot//net.minecraft.server.network.ServerLoginPacketListenerImpl.skinrestorer$fetchSkin(ServerLoginPacketListenerImpl.java:1614)
	at knot//net.minecraft.server.network.ServerLoginPacketListenerImpl.md776234$skinrestorer$lambda$waitForSkin$0$2(ServerLoginPacketListenerImpl.java:1592)
	at java.base/java.util.concurrent.CompletableFuture$AsyncSupply.run(CompletableFuture.java:1789)
	at java.base/java.util.concurrent.ThreadPoolExecutor.runWorker(ThreadPoolExecutor.java:1090)
	at java.base/java.util.concurrent.ThreadPoolExecutor$Worker.run(ThreadPoolExecutor.java:614)
	at java.base/java.lang.Thread.run(Thread.java:1474)
[22:30:10] [Server thread/INFO]: IsuName_[/100.91.99.23:59037] logged in with entity id 1295 at (-132.23933132786692, 231.0, -257.47957695960883)
[22:30:10] [Server thread/INFO]: [COMENTARISTA] IsuName_ joined the game
[22:30:10] [Server thread/INFO]: [voicechat] Received secret request of IsuName_ (20)
[22:30:10] [Server thread/INFO]: [voicechat] Sent secret to IsuName_
[22:30:11] [VoiceChatPacketProcessingThread/INFO]: [voicechat] Successfully authenticated player 6ae6cba0-6a35-3412-aa02-6f1ff240f2f7
[22:30:12] [VoiceChatPacketProcessingThread/INFO]: [voicechat] Successfully validated connection of player 6ae6cba0-6a35-3412-aa02-6f1ff240f2f7
[22:30:12] [VoiceChatPacketProcessingThread/INFO]: [voicechat] Player IsuName_ (6ae6cba0-6a35-3412-aa02-6f1ff240f2f7) successfully connected to voice chat
[22:30:14] [SkinRestorer-Fetch-6/WARN]: Failed to fetch skin 'mojang:Luzgama'
java.lang.IllegalStateException: not found
	at knot//net.lionarius.skinrestorer.util.WebUtils.throwOnClientErrors(WebUtils.java:133)
	at knot//net.lionarius.skinrestorer.skin.provider.base.YggdrasilSkinProvider.getProfile(YggdrasilSkinProvider.java:52)
	at knot//net.lionarius.skinrestorer.skin.provider.builtin.MojangSkinProvider.access$100(MojangSkinProvider.java:19)
	at knot//net.lionarius.skinrestorer.skin.provider.builtin.MojangSkinProvider$1.findProfileByName(MojangSkinProvider.java:58)
	at knot//net.minecraft.server.players.CachedUserNameToIdResolver.lookupGameProfile(CachedUserNameToIdResolver.java:73)
	at knot//net.minecraft.server.players.CachedUserNameToIdResolver.get(CachedUserNameToIdResolver.java:134)
	at knot//net.lionarius.skinrestorer.skin.provider.builtin.MojangSkinProvider.resolveUuid(MojangSkinProvider.java:89)
	at knot//net.lionarius.skinrestorer.skin.provider.base.ProfileSkinProvider.getCacheKey(ProfileSkinProvider.java:63)
	at knot//net.lionarius.skinrestorer.skin.provider.base.ProfileSkinProvider.getCacheKey(ProfileSkinProvider.java:19)
	at knot//net.lionarius.skinrestorer.skin.provider.base.AbstractSkinProvider.fetchSkin(AbstractSkinProvider.java:51)
	at knot//net.minecraft.server.network.ServerLoginPacketListenerImpl.md776234$skinrestorer$lambda$skinrestorer$fetchSkin$0$1(ServerLoginPacketListenerImpl.java:1614)
	at java.base/java.util.Optional.map(Optional.java:260)
	at knot//net.minecraft.server.network.ServerLoginPacketListenerImpl.skinrestorer$fetchSkin(ServerLoginPacketListenerImpl.java:1614)
	at knot//net.minecraft.server.network.ServerLoginPacketListenerImpl.md776234$skinrestorer$lambda$waitForSkin$0$2(ServerLoginPacketListenerImpl.java:1592)
	at java.base/java.util.concurrent.CompletableFuture$AsyncSupply.run(CompletableFuture.java:1789)
	at java.base/java.util.concurrent.ThreadPoolExecutor.runWorker(ThreadPoolExecutor.java:1090)
	at java.base/java.util.concurrent.ThreadPoolExecutor$Worker.run(ThreadPoolExecutor.java:614)
	at java.base/java.lang.Thread.run(Thread.java:1474)
[22:30:16] [Server thread/INFO]: Luzgama[/100.115.223.117:60727] logged in with entity id 1304 at (-137.5, 107.0, -263.5)
[22:30:16] [Server thread/INFO]: Luzgama joined the game
[22:30:16] [Server thread/INFO]: [voicechat] Received secret request of Luzgama (20)
[22:30:16] [Server thread/INFO]: [voicechat] Sent secret to Luzgama
[22:30:17] [VoiceChatPacketProcessingThread/INFO]: [voicechat] Successfully authenticated player f97fbb97-c9bd-3a45-8f72-37f1a90bd60a
[22:30:18] [Server thread/INFO]: [Not Secure] <cosoduts> no tengo xD
[22:30:22] [VoiceChatPacketProcessingThread/INFO]: [voicechat] Successfully validated connection of player f97fbb97-c9bd-3a45-8f72-37f1a90bd60a
[22:30:22] [VoiceChatPacketProcessingThread/INFO]: [voicechat] Player Luzgama (f97fbb97-c9bd-3a45-8f72-37f1a90bd60a) successfully connected to voice chat
[22:30:38] [Server thread/INFO]: Kiosrel[/100.92.89.54:58541] logged in with entity id 1427 at (-135.6751242339186, 231.0, -260.5563485679032)
[22:30:38] [Server thread/INFO]: Kiosrel joined the game
[22:30:45] [Server thread/WARN]: Mismatch in destroy block pos: BlockPos{x=0, y=0, z=0} BlockPos{x=-142, y=234, z=-256}
[22:30:46] [Server thread/INFO]: Squiell[/100.108.20.115:61004] logged in with entity id 1430 at (-131.8045419587794, 231.0, -251.82985817382414)
[22:30:46] [Server thread/INFO]: Squiell joined the game
[22:30:46] [Server thread/INFO]: [voicechat] Received secret request of Squiell (20)
[22:30:46] [Server thread/INFO]: [voicechat] Sent secret to Squiell
[22:30:46] [VoiceChatPacketProcessingThread/INFO]: [voicechat] Successfully authenticated player dd86a760-ff98-314d-98fc-ee5159cdbb24
[22:30:51] [Server thread/WARN]: Mismatch in destroy block pos: BlockPos{x=-145, y=113, z=-276} BlockPos{x=-135, y=230, z=-257}
[22:30:51] [Server thread/WARN]: Mismatch in destroy block pos: BlockPos{x=0, y=0, z=0} BlockPos{x=-136, y=232, z=-262}
[22:30:51] [Server thread/WARN]: Mismatch in destroy block pos: BlockPos{x=0, y=0, z=0} BlockPos{x=-137, y=233, z=-262}
[22:30:52] [VoiceChatPacketProcessingThread/INFO]: [voicechat] Successfully validated connection of player dd86a760-ff98-314d-98fc-ee5159cdbb24
[22:30:52] [VoiceChatPacketProcessingThread/INFO]: [voicechat] Player Squiell (dd86a760-ff98-314d-98fc-ee5159cdbb24) successfully connected to voice chat
[22:30:56] [Server thread/WARN]: Mismatch in destroy block pos: BlockPos{x=0, y=0, z=0} BlockPos{x=-136, y=233, z=-262}
[22:30:56] [Server thread/WARN]: Mismatch in destroy block pos: BlockPos{x=0, y=0, z=0} BlockPos{x=-137, y=233, z=-262}
[22:30:56] [Server thread/WARN]: Mismatch in destroy block pos: BlockPos{x=0, y=0, z=0} BlockPos{x=-136, y=233, z=-262}
[22:30:56] [Server thread/WARN]: Mismatch in destroy block pos: BlockPos{x=0, y=0, z=0} BlockPos{x=-136, y=232, z=-262}
[22:30:56] [Server thread/WARN]: Mismatch in destroy block pos: BlockPos{x=0, y=0, z=0} BlockPos{x=-137, y=232, z=-262}
[22:30:56] [Server thread/WARN]: Mismatch in destroy block pos: BlockPos{x=0, y=0, z=0} BlockPos{x=-137, y=232, z=-262}
[22:30:56] [Server thread/WARN]: Mismatch in destroy block pos: BlockPos{x=0, y=0, z=0} BlockPos{x=-138, y=232, z=-262}
[22:30:57] [Server thread/INFO]: [[ADMIN] Thes912: Teleported 8 entities to [ADMIN] Thes912]
[22:30:57] [Server thread/WARN]: Mismatch in destroy block pos: BlockPos{x=0, y=0, z=0} BlockPos{x=-133, y=230, z=-258}
[22:30:57] [Server thread/WARN]: Mismatch in destroy block pos: BlockPos{x=0, y=0, z=0} BlockPos{x=-134, y=230, z=-256}
[22:30:57] [Server thread/WARN]: Mismatch in destroy block pos: BlockPos{x=0, y=0, z=0} BlockPos{x=-135, y=230, z=-255}
[22:30:57] [Server thread/WARN]: Mismatch in destroy block pos: BlockPos{x=0, y=0, z=0} BlockPos{x=-134, y=230, z=-255}
[22:30:58] [Server thread/WARN]: Mismatch in destroy block pos: BlockPos{x=0, y=0, z=0} BlockPos{x=-136, y=230, z=-256}
[22:31:00] [Server thread/INFO]: [[ADMIN] Thes912: Set spawn point to -136, 230, -257 [0.0, 0.0] in minecraft:overworld for 8 players]
[22:31:01] [Server thread/INFO]: [[ADMIN] Thes912: Removed 2 item(s) from 8 players]
[22:31:02] [Server thread/WARN]: Mismatch in destroy block pos: BlockPos{x=0, y=0, z=0} BlockPos{x=-139, y=232, z=-262}
[22:31:03] [Server thread/WARN]: Mismatch in destroy block pos: BlockPos{x=-145, y=113, z=-276} BlockPos{x=-136, y=230, z=-261}
[22:31:03] [Server thread/WARN]: Mismatch in destroy block pos: BlockPos{x=-142, y=110, z=-275} BlockPos{x=-140, y=230, z=-260}
[22:31:04] [Server thread/WARN]: Mismatch in destroy block pos: BlockPos{x=0, y=0, z=0} BlockPos{x=-138, y=232, z=-262}
[22:31:04] [Server thread/WARN]: Mismatch in destroy block pos: BlockPos{x=0, y=0, z=0} BlockPos{x=-137, y=233, z=-262}
[22:31:04] [Server thread/WARN]: Mismatch in destroy block pos: BlockPos{x=0, y=0, z=0} BlockPos{x=-137, y=233, z=-262}
[22:31:04] [Server thread/WARN]: Mismatch in destroy block pos: BlockPos{x=0, y=0, z=0} BlockPos{x=-136, y=233, z=-262}
[22:31:04] [Server thread/WARN]: Mismatch in destroy block pos: BlockPos{x=0, y=0, z=0} BlockPos{x=-135, y=232, z=-262}
[22:31:05] [Server thread/WARN]: Mismatch in destroy block pos: BlockPos{x=0, y=0, z=0} BlockPos{x=-133, y=232, z=-262}
[22:31:05] [Server thread/WARN]: Mismatch in destroy block pos: BlockPos{x=-145, y=113, z=-276} BlockPos{x=-135, y=230, z=-257}
[22:31:05] [Server thread/WARN]: Mismatch in destroy block pos: BlockPos{x=0, y=0, z=0} BlockPos{x=-134, y=232, z=-262}
[22:31:06] [Server thread/WARN]: Mismatch in destroy block pos: BlockPos{x=0, y=0, z=0} BlockPos{x=-133, y=231, z=-262}
[22:31:06] [Server thread/WARN]: Mismatch in destroy block pos: BlockPos{x=0, y=0, z=0} BlockPos{x=-133, y=232, z=-262}
[22:31:06] [Server thread/WARN]: Mismatch in destroy block pos: BlockPos{x=-142, y=110, z=-275} BlockPos{x=-132, y=230, z=-259}
[22:31:06] [Server thread/WARN]: Mismatch in destroy block pos: BlockPos{x=-142, y=110, z=-275} BlockPos{x=-131, y=230, z=-259}
[22:31:07] [Server thread/WARN]: Mismatch in destroy block pos: BlockPos{x=-142, y=110, z=-275} BlockPos{x=-131, y=230, z=-259}
[22:31:07] [Server thread/WARN]: Mismatch in destroy block pos: BlockPos{x=-142, y=110, z=-275} BlockPos{x=-132, y=230, z=-259}
[22:31:07] [Server thread/WARN]: Mismatch in destroy block pos: BlockPos{x=-142, y=110, z=-275} BlockPos{x=-131, y=230, z=-259}
[22:31:07] [Server thread/INFO]: Kiosrel was slain by LaCerdita69
[22:31:08] [Server thread/WARN]: Mismatch in destroy block pos: BlockPos{x=-145, y=113, z=-276} BlockPos{x=-133, y=230, z=-259}
[22:31:08] [Server thread/WARN]: Mismatch in destroy block pos: BlockPos{x=-145, y=113, z=-276} BlockPos{x=-132, y=230, z=-260}
[22:31:10] [Server thread/WARN]: Mismatch in destroy block pos: BlockPos{x=0, y=0, z=0} BlockPos{x=-130, y=233, z=-257}
[22:31:12] [Server thread/INFO]: [Not Secure] <Kiosrel> uy
[22:31:19] [Server thread/INFO]: [Not Secure] <Kiosrel> aparecí abajo
[22:31:22] [Server thread/INFO]: [Not Secure] <Kiosrel> solicito rescate
[22:31:25] [Server thread/WARN]: Mismatch in destroy block pos: BlockPos{x=0, y=0, z=0} BlockPos{x=-142, y=230, z=-260}
[22:31:25] [Server thread/INFO]: [[ADMIN] Thes912: Teleported 8 entities to [ADMIN] Thes912]
[22:31:26] [Server thread/WARN]: Mismatch in destroy block pos: BlockPos{x=0, y=0, z=0} BlockPos{x=-135, y=230, z=-257}
[22:31:26] [Server thread/WARN]: Mismatch in destroy block pos: BlockPos{x=0, y=0, z=0} BlockPos{x=-136, y=230, z=-256}
[22:31:30] [Server thread/INFO]: [[ADMIN] Thes912: Set spawn point to -135, 231, -254 [0.0, 0.0] in minecraft:overworld for 8 players]
[22:31:39] [Server thread/INFO]: Kiosrel lost connection: Disconnected
[22:31:39] [Server thread/INFO]: Kiosrel left the game
[22:31:39] [Server thread/INFO]: [voicechat] Disconnecting client Kiosrel
[22:31:51] [Server thread/WARN]: Mismatch in destroy block pos: BlockPos{x=0, y=0, z=0} BlockPos{x=-133, y=230, z=-255}
[22:32:01] [Server thread/WARN]: Mismatch in destroy block pos: BlockPos{x=0, y=0, z=0} BlockPos{x=-140, y=230, z=-261}
[22:32:01] [Server thread/WARN]: Mismatch in destroy block pos: BlockPos{x=0, y=0, z=0} BlockPos{x=-141, y=230, z=-261}
[22:32:02] [Server thread/WARN]: Mismatch in destroy block pos: BlockPos{x=0, y=0, z=0} BlockPos{x=-142, y=230, z=-261}
[22:32:06] [Server thread/WARN]: Mismatch in destroy block pos: BlockPos{x=0, y=0, z=0} BlockPos{x=-140, y=231, z=-250}
[22:32:06] [Server thread/WARN]: Mismatch in destroy block pos: BlockPos{x=0, y=0, z=0} BlockPos{x=-141, y=231, z=-250}
[22:32:08] [Server thread/WARN]: Mismatch in destroy block pos: BlockPos{x=0, y=0, z=0} BlockPos{x=-139, y=231, z=-250}
[22:32:08] [Server thread/WARN]: Mismatch in destroy block pos: BlockPos{x=0, y=0, z=0} BlockPos{x=-140, y=231, z=-250}
[22:32:11] [Server thread/WARN]: Mismatch in destroy block pos: BlockPos{x=-145, y=113, z=-276} BlockPos{x=-135, y=230, z=-257}
[22:32:15] [Server thread/WARN]: Mismatch in destroy block pos: BlockPos{x=0, y=0, z=0} BlockPos{x=-132, y=230, z=-256}
[22:32:15] [Server thread/WARN]: Mismatch in destroy block pos: BlockPos{x=0, y=0, z=0} BlockPos{x=-132, y=230, z=-257}
[22:32:16] [Server thread/WARN]: Mismatch in destroy block pos: BlockPos{x=-142, y=110, z=-275} BlockPos{x=-132, y=233, z=-262}
[22:32:16] [Server thread/WARN]: Mismatch in destroy block pos: BlockPos{x=-142, y=110, z=-275} BlockPos{x=-133, y=233, z=-262}
[22:32:16] [Server thread/WARN]: Mismatch in destroy block pos: BlockPos{x=-142, y=110, z=-275} BlockPos{x=-133, y=232, z=-262}
[22:32:16] [Server thread/WARN]: Mismatch in destroy block pos: BlockPos{x=0, y=0, z=0} BlockPos{x=-131, y=230, z=-257}
[22:32:16] [Server thread/WARN]: Mismatch in destroy block pos: BlockPos{x=-142, y=110, z=-275} BlockPos{x=-133, y=233, z=-262}
[22:32:18] [Server thread/WARN]: Mismatch in destroy block pos: BlockPos{x=0, y=0, z=0} BlockPos{x=-137, y=230, z=-257}
[22:32:19] [Server thread/WARN]: Mismatch in destroy block pos: BlockPos{x=0, y=0, z=0} BlockPos{x=-134, y=230, z=-253}
[22:32:20] [Server thread/WARN]: Mismatch in destroy block pos: BlockPos{x=0, y=0, z=0} BlockPos{x=-134, y=230, z=-252}
[22:32:20] [Server thread/WARN]: Mismatch in destroy block pos: BlockPos{x=0, y=0, z=0} BlockPos{x=-133, y=230, z=-252}
[22:32:20] [Server thread/WARN]: Mismatch in destroy block pos: BlockPos{x=0, y=0, z=0} BlockPos{x=-133, y=230, z=-253}
[22:32:20] [Server thread/INFO]: LaCerdita69 lost connection: Disconnected
[22:32:20] [Server thread/INFO]: LaCerdita69 left the game
[22:32:20] [Server thread/INFO]: [voicechat] Disconnecting client LaCerdita69
[22:32:20] [Server thread/WARN]: Mismatch in destroy block pos: BlockPos{x=0, y=0, z=0} BlockPos{x=-133, y=230, z=-252}
[22:32:23] [Server thread/WARN]: Mismatch in destroy block pos: BlockPos{x=0, y=0, z=0} BlockPos{x=-137, y=232, z=-262}
[22:32:23] [Server thread/WARN]: Mismatch in destroy block pos: BlockPos{x=0, y=0, z=0} BlockPos{x=-137, y=231, z=-262}
[22:32:24] [Server thread/WARN]: Mismatch in destroy block pos: BlockPos{x=0, y=0, z=0} BlockPos{x=-134, y=230, z=-252}
[22:32:24] [Server thread/WARN]: Mismatch in destroy block pos: BlockPos{x=0, y=0, z=0} BlockPos{x=-133, y=230, z=-251}
[22:32:25] [Server thread/WARN]: Mismatch in destroy block pos: BlockPos{x=0, y=0, z=0} BlockPos{x=-141, y=231, z=-262}
[22:32:26] [Server thread/WARN]: Mismatch in destroy block pos: BlockPos{x=0, y=0, z=0} BlockPos{x=-134, y=230, z=-251}
[22:32:26] [Server thread/WARN]: Mismatch in destroy block pos: BlockPos{x=0, y=0, z=0} BlockPos{x=-135, y=230, z=-251}
[22:32:27] [Server thread/WARN]: Mismatch in destroy block pos: BlockPos{x=0, y=0, z=0} BlockPos{x=-135, y=231, z=-250}
[22:32:27] [Server thread/WARN]: Mismatch in destroy block pos: BlockPos{x=0, y=0, z=0} BlockPos{x=-135, y=231, z=-250}
[22:32:28] [Server thread/WARN]: Mismatch in destroy block pos: BlockPos{x=0, y=0, z=0} BlockPos{x=-143, y=231, z=-254}
[22:32:28] [Server thread/WARN]: Mismatch in destroy block pos: BlockPos{x=0, y=0, z=0} BlockPos{x=-141, y=230, z=-255}
[22:32:28] [Server thread/WARN]: Mismatch in destroy block pos: BlockPos{x=0, y=0, z=0} BlockPos{x=-135, y=230, z=-251}
[22:32:28] [Server thread/WARN]: Mismatch in destroy block pos: BlockPos{x=0, y=0, z=0} BlockPos{x=-135, y=230, z=-251}
[22:32:28] [Server thread/WARN]: Mismatch in destroy block pos: BlockPos{x=0, y=0, z=0} BlockPos{x=-135, y=230, z=-251}
[22:32:29] [Server thread/WARN]: Mismatch in destroy block pos: BlockPos{x=0, y=0, z=0} BlockPos{x=-135, y=230, z=-251}
[22:32:29] [Server thread/WARN]: Mismatch in destroy block pos: BlockPos{x=0, y=0, z=0} BlockPos{x=-135, y=230, z=-251}
[22:32:29] [Server thread/WARN]: Mismatch in destroy block pos: BlockPos{x=0, y=0, z=0} BlockPos{x=-135, y=230, z=-251}
[22:32:29] [Server thread/WARN]: Mismatch in destroy block pos: BlockPos{x=0, y=0, z=0} BlockPos{x=-134, y=230, z=-251}
[22:32:29] [Server thread/WARN]: Mismatch in destroy block pos: BlockPos{x=0, y=0, z=0} BlockPos{x=-135, y=230, z=-251}
[22:32:30] [Server thread/WARN]: Mismatch in destroy block pos: BlockPos{x=0, y=0, z=0} BlockPos{x=-135, y=230, z=-251}
[22:32:30] [Server thread/WARN]: Mismatch in destroy block pos: BlockPos{x=0, y=0, z=0} BlockPos{x=-135, y=230, z=-251}
[22:32:30] [Server thread/WARN]: Mismatch in destroy block pos: BlockPos{x=0, y=0, z=0} BlockPos{x=-135, y=230, z=-251}
[22:32:31] [Server thread/WARN]: Mismatch in destroy block pos: BlockPos{x=0, y=0, z=0} BlockPos{x=-130, y=232, z=-257}
[22:32:31] [Server thread/WARN]: Mismatch in destroy block pos: BlockPos{x=0, y=0, z=0} BlockPos{x=-130, y=231, z=-259}
[22:32:31] [Server thread/WARN]: Mismatch in destroy block pos: BlockPos{x=0, y=0, z=0} BlockPos{x=-135, y=231, z=-250}
[22:32:31] [Server thread/WARN]: Mismatch in destroy block pos: BlockPos{x=0, y=0, z=0} BlockPos{x=-135, y=230, z=-251}
[22:32:32] [Server thread/WARN]: Mismatch in destroy block pos: BlockPos{x=0, y=0, z=0} BlockPos{x=-131, y=230, z=-260}
[22:32:32] [Server thread/WARN]: Mismatch in destroy block pos: BlockPos{x=0, y=0, z=0} BlockPos{x=-132, y=230, z=-260}
[22:32:32] [Server thread/WARN]: Mismatch in destroy block pos: BlockPos{x=0, y=0, z=0} BlockPos{x=-136, y=230, z=-251}
[22:32:33] [Server thread/WARN]: Mismatch in destroy block pos: BlockPos{x=0, y=0, z=0} BlockPos{x=-136, y=230, z=-252}
[22:32:33] [Server thread/WARN]: Mismatch in destroy block pos: BlockPos{x=0, y=0, z=0} BlockPos{x=-135, y=230, z=-252}
[22:32:41] [SkinRestorer-Fetch-9/WARN]: Failed to fetch skin 'mojang:8GONZO8'
java.lang.IllegalStateException: not found
	at knot//net.lionarius.skinrestorer.util.WebUtils.throwOnClientErrors(WebUtils.java:133)
	at knot//net.lionarius.skinrestorer.skin.provider.base.YggdrasilSkinProvider.getProfile(YggdrasilSkinProvider.java:52)
	at knot//net.lionarius.skinrestorer.skin.provider.builtin.MojangSkinProvider.access$100(MojangSkinProvider.java:19)
	at knot//net.lionarius.skinrestorer.skin.provider.builtin.MojangSkinProvider$1.findProfileByName(MojangSkinProvider.java:58)
	at knot//net.minecraft.server.players.CachedUserNameToIdResolver.lookupGameProfile(CachedUserNameToIdResolver.java:73)
	at knot//net.minecraft.server.players.CachedUserNameToIdResolver.get(CachedUserNameToIdResolver.java:134)
	at knot//net.lionarius.skinrestorer.skin.provider.builtin.MojangSkinProvider.resolveUuid(MojangSkinProvider.java:89)
	at knot//net.lionarius.skinrestorer.skin.provider.base.ProfileSkinProvider.getCacheKey(ProfileSkinProvider.java:63)
	at knot//net.lionarius.skinrestorer.skin.provider.base.ProfileSkinProvider.getCacheKey(ProfileSkinProvider.java:19)
	at knot//net.lionarius.skinrestorer.skin.provider.base.AbstractSkinProvider.fetchSkin(AbstractSkinProvider.java:51)
	at knot//net.minecraft.server.network.ServerLoginPacketListenerImpl.md776234$skinrestorer$lambda$skinrestorer$fetchSkin$0$1(ServerLoginPacketListenerImpl.java:1614)
	at java.base/java.util.Optional.map(Optional.java:260)
	at knot//net.minecraft.server.network.ServerLoginPacketListenerImpl.skinrestorer$fetchSkin(ServerLoginPacketListenerImpl.java:1614)
	at knot//net.minecraft.server.network.ServerLoginPacketListenerImpl.md776234$skinrestorer$lambda$waitForSkin$0$2(ServerLoginPacketListenerImpl.java:1592)
	at java.base/java.util.concurrent.CompletableFuture$AsyncSupply.run(CompletableFuture.java:1789)
	at java.base/java.util.concurrent.ThreadPoolExecutor.runWorker(ThreadPoolExecutor.java:1090)
	at java.base/java.util.concurrent.ThreadPoolExecutor$Worker.run(ThreadPoolExecutor.java:614)
	at java.base/java.lang.Thread.run(Thread.java:1474)
[22:32:43] [Server thread/INFO]: 8GONZO8[/100.110.11.77:53746] logged in with entity id 1719 at (-182.34006625295285, 97.92159999847412, 35.51374429275575)
[22:32:43] [Server thread/INFO]: 8GONZO8 joined the game
[22:32:44] [Server thread/INFO]: [voicechat] Received secret request of 8GONZO8 (20)
[22:32:44] [Server thread/INFO]: [voicechat] Sent secret to 8GONZO8
[22:32:44] [VoiceChatPacketProcessingThread/INFO]: [voicechat] Successfully authenticated player 3b27aa4c-2ba2-3369-9013-08f79d564fb9
[22:32:45] [VoiceChatPacketProcessingThread/INFO]: [voicechat] Successfully validated connection of player 3b27aa4c-2ba2-3369-9013-08f79d564fb9
[22:32:45] [VoiceChatPacketProcessingThread/INFO]: [voicechat] Player 8GONZO8 (3b27aa4c-2ba2-3369-9013-08f79d564fb9) successfully connected to voice chat
[22:32:47] [Server thread/WARN]: Mismatch in destroy block pos: BlockPos{x=0, y=0, z=0} BlockPos{x=-136, y=232, z=-262}
[22:32:54] [Server thread/INFO]: [[ADMIN] Thes912: Teleported 8GONZO8 to [ADMIN] Thes912]
[22:32:54] [Server thread/INFO]: LaCerdita69[/100.86.33.105:51659] logged in with entity id 2035 at (-141.6085111032824, 231.0, -251.18763168268447)
[22:32:54] [Server thread/INFO]: LaCerdita69 joined the game
[22:32:55] [Server thread/INFO]: [voicechat] Received secret request of LaCerdita69 (20)
[22:32:55] [Server thread/INFO]: [voicechat] Sent secret to LaCerdita69
[22:32:55] [VoiceChatPacketProcessingThread/INFO]: [voicechat] Successfully authenticated player 87d39db5-da05-32f8-af27-e2fadb2dfbd9
[22:32:56] [VoiceChatPacketProcessingThread/INFO]: [voicechat] Successfully validated connection of player 87d39db5-da05-32f8-af27-e2fadb2dfbd9
[22:32:56] [VoiceChatPacketProcessingThread/INFO]: [voicechat] Player LaCerdita69 (87d39db5-da05-32f8-af27-e2fadb2dfbd9) successfully connected to voice chat
[22:33:00] [Server thread/INFO]: [[ADMIN] Thes912: Set spawn point to -134, 230, -251 [0.0, 0.0] in minecraft:overworld for 8 players]
[22:33:01] [Server thread/INFO]: LaCerdita69 lost connection: Disconnected
[22:33:01] [Server thread/INFO]: LaCerdita69 left the game
[22:33:01] [Server thread/INFO]: [voicechat] Disconnecting client LaCerdita69
[22:33:02] [Server thread/WARN]: Mismatch in destroy block pos: BlockPos{x=0, y=0, z=0} BlockPos{x=-132, y=230, z=-261}
[22:33:02] [Server thread/WARN]: Mismatch in destroy block pos: BlockPos{x=0, y=0, z=0} BlockPos{x=-131, y=230, z=-261}
[22:33:02] [Server thread/WARN]: Mismatch in destroy block pos: BlockPos{x=0, y=0, z=0} BlockPos{x=-130, y=231, z=-261}
[22:33:02] [Server thread/WARN]: Mismatch in destroy block pos: BlockPos{x=0, y=0, z=0} BlockPos{x=-130, y=232, z=-261}
[22:33:02] [Server thread/WARN]: Mismatch in destroy block pos: BlockPos{x=0, y=0, z=0} BlockPos{x=-130, y=231, z=-261}
[22:33:03] [Server thread/WARN]: Mismatch in destroy block pos: BlockPos{x=0, y=0, z=0} BlockPos{x=-131, y=230, z=-261}
[22:33:04] [Server thread/INFO]: [[COMENTARISTA] IsuName_: Teleported 7 entities to [COMENTARISTA] IsuName_]
[22:33:44] [Server thread/INFO]: [[ADMIN] Thes912: Set the weather to clear]
[22:33:59] [SkinRestorer-Fetch-11/WARN]: Failed to fetch skin 'mojang:SlitoMC'
java.lang.IllegalStateException: not found
	at knot//net.lionarius.skinrestorer.util.WebUtils.throwOnClientErrors(WebUtils.java:133)
	at knot//net.lionarius.skinrestorer.skin.provider.base.YggdrasilSkinProvider.getProfile(YggdrasilSkinProvider.java:52)
	at knot//net.lionarius.skinrestorer.skin.provider.builtin.MojangSkinProvider.access$100(MojangSkinProvider.java:19)
	at knot//net.lionarius.skinrestorer.skin.provider.builtin.MojangSkinProvider$1.findProfileByName(MojangSkinProvider.java:58)
	at knot//net.minecraft.server.players.CachedUserNameToIdResolver.lookupGameProfile(CachedUserNameToIdResolver.java:73)
	at knot//net.minecraft.server.players.CachedUserNameToIdResolver.get(CachedUserNameToIdResolver.java:134)
	at knot//net.lionarius.skinrestorer.skin.provider.builtin.MojangSkinProvider.resolveUuid(MojangSkinProvider.java:89)
	at knot//net.lionarius.skinrestorer.skin.provider.base.ProfileSkinProvider.getCacheKey(ProfileSkinProvider.java:63)
	at knot//net.lionarius.skinrestorer.skin.provider.base.ProfileSkinProvider.getCacheKey(ProfileSkinProvider.java:19)
	at knot//net.lionarius.skinrestorer.skin.provider.base.AbstractSkinProvider.fetchSkin(AbstractSkinProvider.java:51)
	at knot//net.minecraft.server.network.ServerLoginPacketListenerImpl.md776234$skinrestorer$lambda$skinrestorer$fetchSkin$0$1(ServerLoginPacketListenerImpl.java:1614)
	at java.base/java.util.Optional.map(Optional.java:260)
	at knot//net.minecraft.server.network.ServerLoginPacketListenerImpl.skinrestorer$fetchSkin(ServerLoginPacketListenerImpl.java:1614)
	at knot//net.minecraft.server.network.ServerLoginPacketListenerImpl.md776234$skinrestorer$lambda$waitForSkin$0$2(ServerLoginPacketListenerImpl.java:1592)
	at java.base/java.util.concurrent.CompletableFuture$AsyncSupply.run(CompletableFuture.java:1789)
	at java.base/java.util.concurrent.ThreadPoolExecutor.runWorker(ThreadPoolExecutor.java:1090)
	at java.base/java.util.concurrent.ThreadPoolExecutor$Worker.run(ThreadPoolExecutor.java:614)
	at java.base/java.lang.Thread.run(Thread.java:1474)
[22:34:01] [Server thread/INFO]: SlitoMC[/100.68.27.80:51438] logged in with entity id 2124 at (-141.69999998807907, 231.0, -260.69999998807907)
[22:34:01] [Server thread/INFO]: SlitoMC joined the game
[22:34:01] [Server thread/INFO]: [voicechat] Received secret request of SlitoMC (20)
[22:34:01] [Server thread/INFO]: [voicechat] Sent secret to SlitoMC
[22:34:01] [VoiceChatPacketProcessingThread/INFO]: [voicechat] Successfully authenticated player 03beec8a-510e-31d6-9fc1-e2db7695965d
[22:34:02] [VoiceChatPacketProcessingThread/INFO]: [voicechat] Successfully validated connection of player 03beec8a-510e-31d6-9fc1-e2db7695965d
[22:34:02] [VoiceChatPacketProcessingThread/INFO]: [voicechat] Player SlitoMC (03beec8a-510e-31d6-9fc1-e2db7695965d) successfully connected to voice chat
[22:34:07] [Server thread/INFO]: [[COMENTARISTA] IsuName_: Teleported 8 entities to [COMENTARISTA] IsuName_]
[22:34:13] [Server thread/WARN]: Mismatch in destroy block pos: BlockPos{x=0, y=0, z=0} BlockPos{x=-139, y=230, z=-257}
[22:34:17] [Server thread/WARN]: Mismatch in destroy block pos: BlockPos{x=0, y=0, z=0} BlockPos{x=-140, y=230, z=-258}
[22:34:21] [Server thread/WARN]: Mismatch in destroy block pos: BlockPos{x=0, y=0, z=0} BlockPos{x=-141, y=230, z=-260}
[22:34:22] [Server thread/WARN]: Mismatch in destroy block pos: BlockPos{x=0, y=0, z=0} BlockPos{x=-141, y=230, z=-259}
[22:34:26] [Server thread/WARN]: Mismatch in destroy block pos: BlockPos{x=0, y=0, z=0} BlockPos{x=-140, y=230, z=-256}
[22:34:40] [Server thread/INFO]: LaCerdita69[/100.86.33.105:56576] logged in with entity id 2184 at (-138.52935174120478, 231.0, -252.15993131483555)
[22:34:40] [Server thread/INFO]: LaCerdita69 joined the game
[22:34:40] [Server thread/INFO]: [voicechat] Received secret request of LaCerdita69 (20)
[22:34:40] [Server thread/INFO]: [voicechat] Sent secret to LaCerdita69
[22:34:41] [VoiceChatPacketProcessingThread/INFO]: [voicechat] Successfully authenticated player 87d39db5-da05-32f8-af27-e2fadb2dfbd9
[22:34:42] [VoiceChatPacketProcessingThread/INFO]: [voicechat] Successfully validated connection of player 87d39db5-da05-32f8-af27-e2fadb2dfbd9
[22:34:42] [VoiceChatPacketProcessingThread/INFO]: [voicechat] Player LaCerdita69 (87d39db5-da05-32f8-af27-e2fadb2dfbd9) successfully connected to voice chat
[22:34:48] [Server thread/WARN]: Mismatch in destroy block pos: BlockPos{x=0, y=0, z=0} BlockPos{x=-131, y=234, z=-255}
[22:34:50] [Server thread/INFO]: [[ADMIN] Thes912: Teleported LaCerdita69 to [ADMIN] Thes912]
[22:34:59] [Server thread/INFO]: MayStormahh[/100.66.33.121:52606] logged in with entity id 2194 at (-135.5, 231.0, -252.5)
[22:34:59] [Server thread/INFO]: MayStormahh joined the game
[22:35:03] [Server thread/INFO]: Kiosrel[/100.92.89.54:61265] logged in with entity id 2196 at (-140.43107159624216, 231.0, -252.82340721613642)
[22:35:03] [Server thread/INFO]: Kiosrel joined the game
[22:35:05] [Server thread/INFO]: [Not Secure] * LaCerdita69 cambio su modo de juego a Creativo
[22:35:13] [Server thread/INFO]: [[COMENTARISTA] IsuName_: Teleported 11 entities to [COMENTARISTA] IsuName_]
[22:35:20] [Server thread/WARN]: Mismatch in destroy block pos: BlockPos{x=0, y=0, z=0} BlockPos{x=-133, y=230, z=-259}
[22:35:21] [Server thread/WARN]: Mismatch in destroy block pos: BlockPos{x=0, y=0, z=0} BlockPos{x=-132, y=230, z=-261}
[22:35:22] [Server thread/INFO]: [Not Secure] * ggjero 64 command_block gived for GGjero
[22:35:22] [Server thread/WARN]: Mismatch in destroy block pos: BlockPos{x=0, y=0, z=0} BlockPos{x=-131, y=232, z=-262}
[22:35:34] [Server thread/WARN]: Mismatch in destroy block pos: BlockPos{x=0, y=0, z=0} BlockPos{x=-139, y=230, z=-256}
[22:35:35] [Server thread/WARN]: Mismatch in destroy block pos: BlockPos{x=0, y=0, z=0} BlockPos{x=-143, y=231, z=-256}
[22:35:35] [Server thread/WARN]: Mismatch in destroy block pos: BlockPos{x=0, y=0, z=0} BlockPos{x=-139, y=230, z=-257}
[22:35:35] [Server thread/WARN]: Mismatch in destroy block pos: BlockPos{x=0, y=0, z=0} BlockPos{x=-140, y=230, z=-257}
[22:35:36] [Server thread/WARN]: Mismatch in destroy block pos: BlockPos{x=0, y=0, z=0} BlockPos{x=-141, y=231, z=-262}
[22:35:37] [Server thread/WARN]: Mismatch in destroy block pos: BlockPos{x=0, y=0, z=0} BlockPos{x=-142, y=232, z=-262}
[22:35:38] [Server thread/WARN]: Mismatch in destroy block pos: BlockPos{x=0, y=0, z=0} BlockPos{x=-130, y=231, z=-252}
[22:35:38] [Server thread/WARN]: Mismatch in destroy block pos: BlockPos{x=0, y=0, z=0} BlockPos{x=-130, y=231, z=-253}
[22:35:38] [Server thread/WARN]: Mismatch in destroy block pos: BlockPos{x=0, y=0, z=0} BlockPos{x=-131, y=230, z=-253}
[22:35:39] [Server thread/WARN]: Mismatch in destroy block pos: BlockPos{x=0, y=0, z=0} BlockPos{x=-139, y=232, z=-262}
[22:35:41] [Server thread/WARN]: Mismatch in destroy block pos: BlockPos{x=0, y=0, z=0} BlockPos{x=-130, y=231, z=-261}
[22:35:42] [Server thread/WARN]: Mismatch in destroy block pos: BlockPos{x=0, y=0, z=0} BlockPos{x=-138, y=232, z=-262}
[22:35:46] [Server thread/INFO]: [[COMENTARISTA] IsuName_: Applied effect Regeneration to 11 targets]
[22:35:46] [SkinRestorer-Fetch-15/WARN]: Failed to fetch skin 'mojang:Cax_T'
java.lang.IllegalStateException: not found
	at knot//net.lionarius.skinrestorer.util.WebUtils.throwOnClientErrors(WebUtils.java:133)
	at knot//net.lionarius.skinrestorer.skin.provider.base.YggdrasilSkinProvider.getProfile(YggdrasilSkinProvider.java:52)
	at knot//net.lionarius.skinrestorer.skin.provider.builtin.MojangSkinProvider.access$100(MojangSkinProvider.java:19)
	at knot//net.lionarius.skinrestorer.skin.provider.builtin.MojangSkinProvider$1.findProfileByName(MojangSkinProvider.java:58)
	at knot//net.minecraft.server.players.CachedUserNameToIdResolver.lookupGameProfile(CachedUserNameToIdResolver.java:73)
	at knot//net.minecraft.server.players.CachedUserNameToIdResolver.get(CachedUserNameToIdResolver.java:134)
	at knot//net.lionarius.skinrestorer.skin.provider.builtin.MojangSkinProvider.resolveUuid(MojangSkinProvider.java:89)
	at knot//net.lionarius.skinrestorer.skin.provider.base.ProfileSkinProvider.getCacheKey(ProfileSkinProvider.java:63)
	at knot//net.lionarius.skinrestorer.skin.provider.base.ProfileSkinProvider.getCacheKey(ProfileSkinProvider.java:19)
	at knot//net.lionarius.skinrestorer.skin.provider.base.AbstractSkinProvider.fetchSkin(AbstractSkinProvider.java:51)
	at knot//net.minecraft.server.network.ServerLoginPacketListenerImpl.md776234$skinrestorer$lambda$skinrestorer$fetchSkin$0$1(ServerLoginPacketListenerImpl.java:1614)
	at java.base/java.util.Optional.map(Optional.java:260)
	at knot//net.minecraft.server.network.ServerLoginPacketListenerImpl.skinrestorer$fetchSkin(ServerLoginPacketListenerImpl.java:1614)
	at knot//net.minecraft.server.network.ServerLoginPacketListenerImpl.md776234$skinrestorer$lambda$waitForSkin$0$2(ServerLoginPacketListenerImpl.java:1592)
	at java.base/java.util.concurrent.CompletableFuture$AsyncSupply.run(CompletableFuture.java:1789)
	at java.base/java.util.concurrent.ThreadPoolExecutor.runWorker(ThreadPoolExecutor.java:1090)
	at java.base/java.util.concurrent.ThreadPoolExecutor$Worker.run(ThreadPoolExecutor.java:614)
	at java.base/java.lang.Thread.run(Thread.java:1474)
[22:35:47] [Server thread/INFO]: Cax_T[/100.77.44.90:54617] logged in with entity id 2226 at (40.53809524138467, 78.0, -28.868180434215414)
[22:35:47] [Server thread/INFO]: Cax_T joined the game
[22:35:48] [Server thread/WARN]: Mismatch in destroy block pos: BlockPos{x=0, y=0, z=0} BlockPos{x=-141, y=232, z=-250}
[22:35:48] [Server thread/WARN]: Mismatch in destroy block pos: BlockPos{x=0, y=0, z=0} BlockPos{x=-143, y=231, z=-253}
[22:35:49] [Server thread/WARN]: Mismatch in destroy block pos: BlockPos{x=0, y=0, z=0} BlockPos{x=-143, y=233, z=-255}
[22:35:50] [Server thread/INFO]: LaCerdita69 lost connection: Disconnected
[22:35:50] [Server thread/INFO]: LaCerdita69 left the game
[22:35:50] [Server thread/INFO]: [voicechat] Disconnecting client LaCerdita69
[22:35:52] [Server thread/WARN]: Mismatch in destroy block pos: BlockPos{x=0, y=0, z=0} BlockPos{x=-137, y=232, z=-262}
[22:35:52] [Server thread/WARN]: Mismatch in destroy block pos: BlockPos{x=0, y=0, z=0} BlockPos{x=-137, y=230, z=-257}
[22:35:53] [Server thread/WARN]: Mismatch in destroy block pos: BlockPos{x=0, y=0, z=0} BlockPos{x=-136, y=230, z=-258}
[22:35:53] [Server thread/WARN]: Mismatch in destroy block pos: BlockPos{x=0, y=0, z=0} BlockPos{x=-136, y=230, z=-259}
[22:35:53] [Server thread/WARN]: Mismatch in destroy block pos: BlockPos{x=0, y=0, z=0} BlockPos{x=-136, y=230, z=-260}
[22:35:54] [Server thread/WARN]: Mismatch in destroy block pos: BlockPos{x=0, y=0, z=0} BlockPos{x=-138, y=232, z=-262}
[22:35:54] [Server thread/WARN]: Mismatch in destroy block pos: BlockPos{x=0, y=0, z=0} BlockPos{x=-136, y=232, z=-262}
[22:35:55] [Server thread/WARN]: Mismatch in destroy block pos: BlockPos{x=0, y=0, z=0} BlockPos{x=-132, y=230, z=-252}
[22:35:56] [Server thread/WARN]: Mismatch in destroy block pos: BlockPos{x=0, y=0, z=0} BlockPos{x=-130, y=233, z=-251}
[22:35:56] [Server thread/WARN]: Mismatch in destroy block pos: BlockPos{x=0, y=0, z=0} BlockPos{x=-130, y=233, z=-251}
[22:35:56] [Server thread/WARN]: Mismatch in destroy block pos: BlockPos{x=0, y=0, z=0} BlockPos{x=-143, y=232, z=-258}
[22:35:57] [Server thread/WARN]: Mismatch in destroy block pos: BlockPos{x=0, y=0, z=0} BlockPos{x=-130, y=232, z=-251}
[22:35:57] [Server thread/WARN]: Mismatch in destroy block pos: BlockPos{x=0, y=0, z=0} BlockPos{x=-130, y=232, z=-251}
[22:35:57] [Server thread/WARN]: Mismatch in destroy block pos: BlockPos{x=0, y=0, z=0} BlockPos{x=-130, y=232, z=-252}
[22:35:57] [Server thread/INFO]: [[COMENTARISTA] IsuName_: Teleported 11 entities to [COMENTARISTA] IsuName_]
[22:35:57] [Server thread/WARN]: Mismatch in destroy block pos: BlockPos{x=0, y=0, z=0} BlockPos{x=-132, y=230, z=-253}
[22:35:57] [Server thread/WARN]: Mismatch in destroy block pos: BlockPos{x=0, y=0, z=0} BlockPos{x=-130, y=232, z=-251}
[22:35:58] [Server thread/WARN]: Mismatch in destroy block pos: BlockPos{x=0, y=0, z=0} BlockPos{x=-136, y=230, z=-259}
[22:35:58] [Server thread/WARN]: Mismatch in destroy block pos: BlockPos{x=0, y=0, z=0} BlockPos{x=-136, y=230, z=-261}
[22:35:58] [Server thread/WARN]: Mismatch in destroy block pos: BlockPos{x=0, y=0, z=0} BlockPos{x=-134, y=230, z=-261}
[22:35:58] [Server thread/WARN]: Mismatch in destroy block pos: BlockPos{x=0, y=0, z=0} BlockPos{x=-133, y=230, z=-261}
[22:35:58] [Server thread/WARN]: Mismatch in destroy block pos: BlockPos{x=0, y=0, z=0} BlockPos{x=-133, y=232, z=-262}
[22:35:59] [Server thread/WARN]: Mismatch in destroy block pos: BlockPos{x=0, y=0, z=0} BlockPos{x=-134, y=230, z=-255}
[22:35:59] [Server thread/WARN]: Mismatch in destroy block pos: BlockPos{x=0, y=0, z=0} BlockPos{x=-133, y=233, z=-262}
[22:35:59] [Server thread/WARN]: Mismatch in destroy block pos: BlockPos{x=0, y=0, z=0} BlockPos{x=-133, y=230, z=-256}
[22:35:59] [Server thread/WARN]: Mismatch in destroy block pos: BlockPos{x=0, y=0, z=0} BlockPos{x=-133, y=232, z=-262}
[22:35:59] [Server thread/WARN]: Mismatch in destroy block pos: BlockPos{x=0, y=0, z=0} BlockPos{x=-133, y=231, z=-262}
[22:36:01] [Server thread/WARN]: Mismatch in destroy block pos: BlockPos{x=0, y=0, z=0} BlockPos{x=-133, y=230, z=-255}
[22:36:01] [Server thread/WARN]: Mismatch in destroy block pos: BlockPos{x=0, y=0, z=0} BlockPos{x=-133, y=230, z=-254}
[22:36:01] [Server thread/WARN]: Mismatch in destroy block pos: BlockPos{x=0, y=0, z=0} BlockPos{x=-134, y=230, z=-254}
[22:36:01] [Server thread/WARN]: Mismatch in destroy block pos: BlockPos{x=0, y=0, z=0} BlockPos{x=-134, y=232, z=-262}
[22:36:01] [Server thread/WARN]: Mismatch in destroy block pos: BlockPos{x=0, y=0, z=0} BlockPos{x=-134, y=231, z=-262}
[22:36:02] [Server thread/WARN]: Mismatch in destroy block pos: BlockPos{x=0, y=0, z=0} BlockPos{x=-133, y=230, z=-261}
[22:36:02] [Server thread/WARN]: Mismatch in destroy block pos: BlockPos{x=0, y=0, z=0} BlockPos{x=-131, y=232, z=-262}
[22:36:02] [Server thread/WARN]: Mismatch in destroy block pos: BlockPos{x=0, y=0, z=0} BlockPos{x=-132, y=230, z=-261}
[22:36:02] [Server thread/WARN]: Mismatch in destroy block pos: BlockPos{x=0, y=0, z=0} BlockPos{x=-133, y=231, z=-250}
[22:36:02] [Server thread/WARN]: Mismatch in destroy block pos: BlockPos{x=0, y=0, z=0} BlockPos{x=-132, y=233, z=-250}
[22:36:02] [Server thread/WARN]: Mismatch in destroy block pos: BlockPos{x=0, y=0, z=0} BlockPos{x=-131, y=232, z=-262}
[22:36:02] [Server thread/WARN]: Mismatch in destroy block pos: BlockPos{x=0, y=0, z=0} BlockPos{x=-132, y=231, z=-262}
[22:36:02] [Server thread/WARN]: Mismatch in destroy block pos: BlockPos{x=0, y=0, z=0} BlockPos{x=-133, y=231, z=-262}
[22:36:02] [Server thread/WARN]: Mismatch in destroy block pos: BlockPos{x=0, y=0, z=0} BlockPos{x=-132, y=231, z=-262}
[22:36:02] [Server thread/WARN]: Mismatch in destroy block pos: BlockPos{x=0, y=0, z=0} BlockPos{x=-130, y=232, z=-261}
[22:36:02] [Server thread/WARN]: Mismatch in destroy block pos: BlockPos{x=0, y=0, z=0} BlockPos{x=-130, y=232, z=-261}
[22:36:02] [Server thread/WARN]: Mismatch in destroy block pos: BlockPos{x=0, y=0, z=0} BlockPos{x=-130, y=233, z=-260}
[22:36:02] [Server thread/INFO]: [[ADMIN] Thes912: Gamerule pvp is now set to: false]
[22:36:02] [Server thread/WARN]: Mismatch in destroy block pos: BlockPos{x=0, y=0, z=0} BlockPos{x=-131, y=231, z=-262}
[22:36:02] [Server thread/WARN]: Mismatch in destroy block pos: BlockPos{x=-142, y=110, z=-275} BlockPos{x=-132, y=231, z=-262}
[22:36:03] [Server thread/WARN]: Mismatch in destroy block pos: BlockPos{x=0, y=0, z=0} BlockPos{x=-130, y=233, z=-261}
[22:36:03] [Server thread/WARN]: Mismatch in destroy block pos: BlockPos{x=0, y=0, z=0} BlockPos{x=-130, y=233, z=-261}
[22:36:03] [Server thread/WARN]: Mismatch in destroy block pos: BlockPos{x=0, y=0, z=0} BlockPos{x=-130, y=232, z=-261}
[22:36:03] [Server thread/WARN]: Mismatch in destroy block pos: BlockPos{x=0, y=0, z=0} BlockPos{x=-130, y=231, z=-261}
[22:36:03] [Server thread/WARN]: Mismatch in destroy block pos: BlockPos{x=0, y=0, z=0} BlockPos{x=-130, y=232, z=-259}
[22:36:03] [Server thread/WARN]: Mismatch in destroy block pos: BlockPos{x=0, y=0, z=0} BlockPos{x=-130, y=232, z=-260}
[22:36:03] [Server thread/WARN]: Mismatch in destroy block pos: BlockPos{x=0, y=0, z=0} BlockPos{x=-132, y=230, z=-260}
[22:36:03] [Server thread/WARN]: Mismatch in destroy block pos: BlockPos{x=-142, y=110, z=-275} BlockPos{x=-132, y=232, z=-262}
[22:36:04] [Server thread/WARN]: Mismatch in destroy block pos: BlockPos{x=-142, y=110, z=-275} BlockPos{x=-131, y=232, z=-262}
[22:36:04] [Server thread/WARN]: Mismatch in destroy block pos: BlockPos{x=0, y=0, z=0} BlockPos{x=-131, y=230, z=-258}
[22:36:04] [Server thread/WARN]: Mismatch in destroy block pos: BlockPos{x=0, y=0, z=0} BlockPos{x=-130, y=232, z=-258}
[22:36:04] [Server thread/WARN]: Mismatch in destroy block pos: BlockPos{x=0, y=0, z=0} BlockPos{x=-130, y=231, z=-258}
[22:36:04] [Server thread/WARN]: Mismatch in destroy block pos: BlockPos{x=-142, y=110, z=-275} BlockPos{x=-130, y=231, z=-259}
[22:36:04] [Server thread/WARN]: Mismatch in destroy block pos: BlockPos{x=-142, y=110, z=-275} BlockPos{x=-130, y=231, z=-258}
[22:36:04] [Server thread/WARN]: Mismatch in destroy block pos: BlockPos{x=0, y=0, z=0} BlockPos{x=-130, y=231, z=-260}
[22:36:04] [Server thread/WARN]: Mismatch in destroy block pos: BlockPos{x=0, y=0, z=0} BlockPos{x=-130, y=232, z=-259}
[22:36:04] [Server thread/WARN]: Mismatch in destroy block pos: BlockPos{x=0, y=0, z=0} BlockPos{x=-130, y=232, z=-260}
[22:36:04] [Server thread/WARN]: Mismatch in destroy block pos: BlockPos{x=0, y=0, z=0} BlockPos{x=-130, y=232, z=-259}
[22:36:05] [Server thread/WARN]: Mismatch in destroy block pos: BlockPos{x=0, y=0, z=0} BlockPos{x=-131, y=232, z=-262}
[22:36:05] [Server thread/WARN]: Mismatch in destroy block pos: BlockPos{x=0, y=0, z=0} BlockPos{x=-132, y=232, z=-262}
[22:36:05] [Server thread/WARN]: Mismatch in destroy block pos: BlockPos{x=-142, y=110, z=-275} BlockPos{x=-130, y=231, z=-258}
[22:36:05] [Server thread/WARN]: Mismatch in destroy block pos: BlockPos{x=-142, y=110, z=-275} BlockPos{x=-130, y=232, z=-258}
[22:36:05] [Server thread/WARN]: Mismatch in destroy block pos: BlockPos{x=0, y=0, z=0} BlockPos{x=-131, y=232, z=-262}
[22:36:05] [Server thread/WARN]: Mismatch in destroy block pos: BlockPos{x=0, y=0, z=0} BlockPos{x=-132, y=232, z=-262}
[22:36:05] [Server thread/WARN]: Mismatch in destroy block pos: BlockPos{x=0, y=0, z=0} BlockPos{x=-131, y=232, z=-262}
[22:36:05] [Server thread/WARN]: Mismatch in destroy block pos: BlockPos{x=0, y=0, z=0} BlockPos{x=-131, y=232, z=-262}
[22:36:06] [Server thread/WARN]: Mismatch in destroy block pos: BlockPos{x=0, y=0, z=0} BlockPos{x=-130, y=232, z=-258}
[22:36:07] [Server thread/WARN]: Mismatch in destroy block pos: BlockPos{x=0, y=0, z=0} BlockPos{x=-130, y=232, z=-260}
[22:36:07] [Server thread/WARN]: Mismatch in destroy block pos: BlockPos{x=0, y=0, z=0} BlockPos{x=-130, y=232, z=-260}
[22:36:07] [Server thread/WARN]: Mismatch in destroy block pos: BlockPos{x=-142, y=110, z=-275} BlockPos{x=-139, y=230, z=-255}
[22:36:07] [Server thread/WARN]: Mismatch in destroy block pos: BlockPos{x=0, y=0, z=0} BlockPos{x=-133, y=231, z=-262}
[22:36:07] [Server thread/WARN]: Mismatch in destroy block pos: BlockPos{x=0, y=0, z=0} BlockPos{x=-130, y=231, z=-259}
[22:36:08] [Server thread/WARN]: Mismatch in destroy block pos: BlockPos{x=0, y=0, z=0} BlockPos{x=-130, y=231, z=-260}
[22:36:08] [Server thread/WARN]: Mismatch in destroy block pos: BlockPos{x=0, y=0, z=0} BlockPos{x=-133, y=231, z=-262}
[22:36:08] [Server thread/WARN]: Mismatch in destroy block pos: BlockPos{x=0, y=0, z=0} BlockPos{x=-134, y=231, z=-262}
[22:36:08] [Server thread/WARN]: Mismatch in destroy block pos: BlockPos{x=0, y=0, z=0} BlockPos{x=-134, y=230, z=-253}
[22:36:08] [Server thread/WARN]: Mismatch in destroy block pos: BlockPos{x=0, y=0, z=0} BlockPos{x=-134, y=230, z=-254}
[22:36:10] [Server thread/WARN]: Mismatch in destroy block pos: BlockPos{x=-142, y=110, z=-275} BlockPos{x=-131, y=230, z=-256}
[22:36:10] [Server thread/WARN]: Mismatch in destroy block pos: BlockPos{x=-142, y=110, z=-275} BlockPos{x=-132, y=230, z=-257}
[22:36:11] [Server thread/WARN]: Mismatch in destroy block pos: BlockPos{x=-142, y=110, z=-275} BlockPos{x=-130, y=232, z=-256}
[22:36:11] [Server thread/WARN]: Mismatch in destroy block pos: BlockPos{x=-142, y=110, z=-275} BlockPos{x=-130, y=232, z=-259}
[22:36:11] [Server thread/WARN]: Mismatch in destroy block pos: BlockPos{x=0, y=0, z=0} BlockPos{x=-139, y=230, z=-253}
[22:36:14] [Server thread/INFO]: [Not Secure] <Cax_T> dani puto
[22:36:21] [Server thread/INFO]: [Not Secure] <cosoduts> xD
[22:36:22] [Server thread/INFO]: [Not Secure] <Cax_T> mentiras te amo bro
[22:36:24] [Server thread/WARN]: Mismatch in destroy block pos: BlockPos{x=0, y=0, z=0} BlockPos{x=-143, y=233, z=-256}
[22:36:27] [Server thread/WARN]: Mismatch in destroy block pos: BlockPos{x=0, y=0, z=0} BlockPos{x=-133, y=232, z=-262}
[22:36:40] [Server thread/INFO]: [[ADMIN] Thes912: Successfully filled 53 block(s)]
[22:36:40] [Server thread/WARN]: Mismatch in destroy block pos: BlockPos{x=0, y=0, z=0} BlockPos{x=-139, y=230, z=-258}
[22:36:42] [Server thread/WARN]: Mismatch in destroy block pos: BlockPos{x=0, y=0, z=0} BlockPos{x=-143, y=232, z=-254}
[22:36:49] [Server thread/WARN]: Mismatch in destroy block pos: BlockPos{x=0, y=0, z=0} BlockPos{x=-132, y=230, z=-261}
[22:36:49] [Server thread/WARN]: Mismatch in destroy block pos: BlockPos{x=0, y=0, z=0} BlockPos{x=-130, y=232, z=-261}
[22:36:51] [Server thread/WARN]: Mismatch in destroy block pos: BlockPos{x=0, y=0, z=0} BlockPos{x=-131, y=230, z=-259}
[22:36:51] [Server thread/WARN]: Mismatch in destroy block pos: BlockPos{x=0, y=0, z=0} BlockPos{x=-131, y=230, z=-260}
[22:36:52] [Server thread/WARN]: Mismatch in destroy block pos: BlockPos{x=0, y=0, z=0} BlockPos{x=-132, y=230, z=-260}
[22:36:52] [Server thread/WARN]: Mismatch in destroy block pos: BlockPos{x=0, y=0, z=0} BlockPos{x=-132, y=230, z=-259}
[22:36:52] [Server thread/WARN]: Mismatch in destroy block pos: BlockPos{x=0, y=0, z=0} BlockPos{x=-133, y=230, z=-259}
[22:36:53] [Server thread/WARN]: Mismatch in destroy block pos: BlockPos{x=0, y=0, z=0} BlockPos{x=-130, y=232, z=-254}
[22:36:56] [Server thread/INFO]: [[ADMIN] Thes912: Successfully filled 148 block(s)]
[22:36:57] [Server thread/WARN]: Mismatch in destroy block pos: BlockPos{x=0, y=0, z=0} BlockPos{x=-131, y=230, z=-261}
[22:36:57] [Server thread/WARN]: Mismatch in destroy block pos: BlockPos{x=0, y=0, z=0} BlockPos{x=-131, y=231, z=-262}
[22:36:58] [Server thread/WARN]: Mismatch in destroy block pos: BlockPos{x=0, y=0, z=0} BlockPos{x=-131, y=230, z=-261}
[22:36:58] [Server thread/WARN]: Mismatch in destroy block pos: BlockPos{x=0, y=0, z=0} BlockPos{x=-135, y=230, z=-251}
[22:36:59] [Server thread/WARN]: Mismatch in destroy block pos: BlockPos{x=0, y=0, z=0} BlockPos{x=-130, y=231, z=-261}
[22:36:59] [Server thread/WARN]: Mismatch in destroy block pos: BlockPos{x=0, y=0, z=0} BlockPos{x=-133, y=230, z=-252}
[22:36:59] [Server thread/WARN]: Mismatch in destroy block pos: BlockPos{x=0, y=0, z=0} BlockPos{x=-133, y=230, z=-252}
[22:36:59] [Server thread/WARN]: Mismatch in destroy block pos: BlockPos{x=0, y=0, z=0} BlockPos{x=-131, y=230, z=-261}
[22:36:59] [Server thread/WARN]: Mismatch in destroy block pos: BlockPos{x=0, y=0, z=0} BlockPos{x=-132, y=230, z=-252}
[22:37:00] [Server thread/WARN]: Mismatch in destroy block pos: BlockPos{x=0, y=0, z=0} BlockPos{x=-132, y=230, z=-252}
[22:37:00] [Server thread/WARN]: Mismatch in destroy block pos: BlockPos{x=0, y=0, z=0} BlockPos{x=-131, y=231, z=-262}
[22:37:00] [Server thread/WARN]: Mismatch in destroy block pos: BlockPos{x=0, y=0, z=0} BlockPos{x=-131, y=230, z=-251}
[22:37:00] [Server thread/WARN]: Mismatch in destroy block pos: BlockPos{x=0, y=0, z=0} BlockPos{x=-132, y=230, z=-251}
[22:37:02] [Server thread/WARN]: Mismatch in destroy block pos: BlockPos{x=0, y=0, z=0} BlockPos{x=-142, y=230, z=-259}
[22:37:09] [Server thread/WARN]: Mismatch in destroy block pos: BlockPos{x=0, y=0, z=0} BlockPos{x=-134, y=231, z=-250}
[22:37:09] [Server thread/WARN]: Mismatch in destroy block pos: BlockPos{x=0, y=0, z=0} BlockPos{x=-141, y=230, z=-261}
[22:37:10] [Server thread/WARN]: Mismatch in destroy block pos: BlockPos{x=0, y=0, z=0} BlockPos{x=-139, y=233, z=-262}
[22:37:10] [Server thread/WARN]: Mismatch in destroy block pos: BlockPos{x=0, y=0, z=0} BlockPos{x=-140, y=232, z=-262}
[22:37:10] [Server thread/WARN]: Mismatch in destroy block pos: BlockPos{x=0, y=0, z=0} BlockPos{x=-135, y=230, z=-252}
[22:37:10] [Server thread/WARN]: Mismatch in destroy block pos: BlockPos{x=0, y=0, z=0} BlockPos{x=-140, y=230, z=-261}
[22:37:10] [Server thread/WARN]: Mismatch in destroy block pos: BlockPos{x=0, y=0, z=0} BlockPos{x=-135, y=230, z=-251}
[22:37:10] [Server thread/WARN]: Mismatch in destroy block pos: BlockPos{x=0, y=0, z=0} BlockPos{x=-140, y=230, z=-261}
[22:37:11] [Server thread/WARN]: Mismatch in destroy block pos: BlockPos{x=0, y=0, z=0} BlockPos{x=-136, y=232, z=-250}
[22:37:11] [Server thread/WARN]: Mismatch in destroy block pos: BlockPos{x=0, y=0, z=0} BlockPos{x=-139, y=230, z=-261}
[22:37:11] [Server thread/WARN]: Mismatch in destroy block pos: BlockPos{x=0, y=0, z=0} BlockPos{x=-138, y=230, z=-261}
[22:37:12] [Server thread/WARN]: Mismatch in destroy block pos: BlockPos{x=0, y=0, z=0} BlockPos{x=-136, y=232, z=-250}
[22:37:13] [Server thread/WARN]: Mismatch in destroy block pos: BlockPos{x=0, y=0, z=0} BlockPos{x=-137, y=231, z=-250}
[22:37:13] [Server thread/WARN]: Mismatch in destroy block pos: BlockPos{x=0, y=0, z=0} BlockPos{x=-137, y=231, z=-250}
[22:37:14] [Server thread/WARN]: Mismatch in destroy block pos: BlockPos{x=0, y=0, z=0} BlockPos{x=-137, y=231, z=-250}
[22:37:16] [Server thread/WARN]: Mismatch in destroy block pos: BlockPos{x=0, y=0, z=0} BlockPos{x=-141, y=231, z=-250}
[22:37:23] [Server thread/WARN]: Mismatch in destroy block pos: BlockPos{x=0, y=0, z=0} BlockPos{x=-143, y=232, z=-256}
[22:37:26] [Server thread/WARN]: Mismatch in destroy block pos: BlockPos{x=0, y=0, z=0} BlockPos{x=-139, y=230, z=-253}
[22:37:26] [Server thread/WARN]: Mismatch in destroy block pos: BlockPos{x=0, y=0, z=0} BlockPos{x=-139, y=230, z=-253}
[22:37:29] [Server thread/INFO]: [[ADMIN] Thes912: Successfully filled 1340 block(s)]
[22:37:29] [Server thread/WARN]: Mismatch in destroy block pos: BlockPos{x=0, y=0, z=0} BlockPos{x=-139, y=233, z=-251}
[22:37:29] [Server thread/WARN]: Mismatch in destroy block pos: BlockPos{x=0, y=0, z=0} BlockPos{x=-138, y=233, z=-251}
[22:37:30] [Server thread/WARN]: Mismatch in destroy block pos: BlockPos{x=0, y=0, z=0} BlockPos{x=-138, y=233, z=-251}
[22:37:30] [Server thread/INFO]: [[ADMIN] Thes912: Successfully filled 1280 block(s)]
[22:37:30] [Server thread/WARN]: Mismatch in destroy block pos: BlockPos{x=0, y=0, z=0} BlockPos{x=-138, y=233, z=-251}
[22:37:36] [Server thread/INFO]: [[ADMIN] Thes912: Teleported 11 entities to [ADMIN] Thes912]
[22:37:37] [Server thread/WARN]: Mismatch in destroy block pos: BlockPos{x=0, y=0, z=0} BlockPos{x=-143, y=230, z=-251}
[22:37:37] [Server thread/WARN]: Mismatch in destroy block pos: BlockPos{x=0, y=0, z=0} BlockPos{x=-143, y=230, z=-250}
[22:37:37] [Server thread/WARN]: Mismatch in destroy block pos: BlockPos{x=0, y=0, z=0} BlockPos{x=-144, y=230, z=-250}
[22:37:43] [Server thread/WARN]: Mismatch in destroy block pos: BlockPos{x=0, y=0, z=0} BlockPos{x=-144, y=230, z=-247}
[22:37:45] [Server thread/INFO]: [[ADMIN] Thes912: Removed 2 item(s) from 11 players]
[22:37:45] [Server thread/WARN]: Mismatch in destroy block pos: BlockPos{x=0, y=0, z=0} BlockPos{x=-142, y=233, z=-245}
[22:37:46] [Server thread/WARN]: Mismatch in destroy block pos: BlockPos{x=0, y=0, z=0} BlockPos{x=-142, y=233, z=-245}
[22:37:46] [Server thread/WARN]: Mismatch in destroy block pos: BlockPos{x=0, y=0, z=0} BlockPos{x=-143, y=231, z=-245}
[22:37:46] [Server thread/WARN]: Mismatch in destroy block pos: BlockPos{x=0, y=0, z=0} BlockPos{x=-143, y=230, z=-246}
[22:37:47] [Server thread/WARN]: Mismatch in destroy block pos: BlockPos{x=0, y=0, z=0} BlockPos{x=-145, y=230, z=-247}
[22:37:48] [Server thread/WARN]: Mismatch in destroy block pos: BlockPos{x=0, y=0, z=0} BlockPos{x=-146, y=230, z=-247}
[22:37:48] [Server thread/WARN]: Mismatch in destroy block pos: BlockPos{x=0, y=0, z=0} BlockPos{x=-146, y=230, z=-247}
[22:37:48] [Server thread/WARN]: Mismatch in destroy block pos: BlockPos{x=0, y=0, z=0} BlockPos{x=-146, y=230, z=-247}
[22:37:48] [Server thread/WARN]: Mismatch in destroy block pos: BlockPos{x=0, y=0, z=0} BlockPos{x=-146, y=230, z=-247}
[22:37:49] [Server thread/WARN]: Mismatch in destroy block pos: BlockPos{x=0, y=0, z=0} BlockPos{x=-145, y=230, z=-246}
[22:37:49] [Server thread/WARN]: Mismatch in destroy block pos: BlockPos{x=0, y=0, z=0} BlockPos{x=-144, y=230, z=-246}
[22:37:49] [Server thread/WARN]: Mismatch in destroy block pos: BlockPos{x=0, y=0, z=0} BlockPos{x=-145, y=230, z=-246}
[22:37:49] [Server thread/INFO]: [[ADMIN] Thes912: Set minecraft:overworld to 0 tick(s)]
[22:37:49] [Server thread/WARN]: Mismatch in destroy block pos: BlockPos{x=0, y=0, z=0} BlockPos{x=-144, y=231, z=-245}
[22:37:50] [Server thread/WARN]: Mismatch in destroy block pos: BlockPos{x=0, y=0, z=0} BlockPos{x=-144, y=230, z=-246}
[22:37:50] [Server thread/WARN]: Mismatch in destroy block pos: BlockPos{x=0, y=0, z=0} BlockPos{x=-144, y=231, z=-245}
[22:37:50] [Server thread/WARN]: Mismatch in destroy block pos: BlockPos{x=0, y=0, z=0} BlockPos{x=-144, y=230, z=-246}
[22:37:50] [Server thread/WARN]: Mismatch in destroy block pos: BlockPos{x=0, y=0, z=0} BlockPos{x=-145, y=230, z=-247}
[22:37:50] [Server thread/WARN]: Mismatch in destroy block pos: BlockPos{x=0, y=0, z=0} BlockPos{x=-145, y=230, z=-246}
[22:37:51] [Server thread/WARN]: Mismatch in destroy block pos: BlockPos{x=0, y=0, z=0} BlockPos{x=-144, y=230, z=-246}
[22:37:52] [Server thread/INFO]: [[ADMIN] Thes912: Set the world spawn point to -138, 230, -254 [0.0, 0.0] in minecraft:overworld]
[22:37:56] [Server thread/INFO]: [[ADMIN] Thes912: Set spawn point to -138, 230, -254 [0.0, 0.0] in minecraft:overworld for 11 players]
[22:37:58] [Server thread/WARN]: Mismatch in destroy block pos: BlockPos{x=0, y=0, z=0} BlockPos{x=-147, y=230, z=-252}
[22:37:58] [Server thread/WARN]: Mismatch in destroy block pos: BlockPos{x=0, y=0, z=0} BlockPos{x=-147, y=232, z=-245}
[22:37:58] [Server thread/WARN]: Mismatch in destroy block pos: BlockPos{x=0, y=0, z=0} BlockPos{x=-146, y=232, z=-245}
[22:38:00] [Server thread/WARN]: Mismatch in destroy block pos: BlockPos{x=0, y=0, z=0} BlockPos{x=-142, y=230, z=-254}
[22:38:00] [Server thread/WARN]: Mismatch in destroy block pos: BlockPos{x=0, y=0, z=0} BlockPos{x=-140, y=230, z=-254}
[22:38:00] [Server thread/WARN]: Mismatch in destroy block pos: BlockPos{x=0, y=0, z=0} BlockPos{x=-139, y=230, z=-254}
[22:38:01] [Server thread/WARN]: Mismatch in destroy block pos: BlockPos{x=0, y=0, z=0} BlockPos{x=-139, y=230, z=-253}
[22:38:01] [Server thread/WARN]: Mismatch in destroy block pos: BlockPos{x=0, y=0, z=0} BlockPos{x=-138, y=230, z=-253}
[22:38:01] [Server thread/WARN]: Mismatch in destroy block pos: BlockPos{x=0, y=0, z=0} BlockPos{x=-137, y=230, z=-253}
[22:38:01] [Server thread/WARN]: Mismatch in destroy block pos: BlockPos{x=0, y=0, z=0} BlockPos{x=-136, y=230, z=-253}
[22:38:02] [Server thread/WARN]: Mismatch in destroy block pos: BlockPos{x=0, y=0, z=0} BlockPos{x=-135, y=230, z=-253}
[22:38:05] [Server thread/WARN]: Mismatch in destroy block pos: BlockPos{x=0, y=0, z=0} BlockPos{x=-150, y=232, z=-262}
[22:38:06] [Server thread/WARN]: Mismatch in destroy block pos: BlockPos{x=0, y=0, z=0} BlockPos{x=-150, y=230, z=-261}
[22:38:07] [Server thread/WARN]: Mismatch in destroy block pos: BlockPos{x=0, y=0, z=0} BlockPos{x=-149, y=231, z=-262}
[22:38:08] [Server thread/WARN]: Mismatch in destroy block pos: BlockPos{x=0, y=0, z=0} BlockPos{x=-149, y=230, z=-261}
[22:38:09] [Server thread/WARN]: Mismatch in destroy block pos: BlockPos{x=0, y=0, z=0} BlockPos{x=-150, y=230, z=-261}
[22:38:10] [Server thread/WARN]: Mismatch in destroy block pos: BlockPos{x=0, y=0, z=0} BlockPos{x=-149, y=231, z=-262}
[22:38:10] [Server thread/WARN]: Mismatch in destroy block pos: BlockPos{x=0, y=0, z=0} BlockPos{x=-150, y=231, z=-262}
[22:38:11] [Server thread/WARN]: Mismatch in destroy block pos: BlockPos{x=0, y=0, z=0} BlockPos{x=-150, y=230, z=-261}
[22:38:11] [Server thread/WARN]: Mismatch in destroy block pos: BlockPos{x=0, y=0, z=0} BlockPos{x=-149, y=230, z=-261}
[22:38:11] [Server thread/WARN]: Mismatch in destroy block pos: BlockPos{x=0, y=0, z=0} BlockPos{x=-149, y=231, z=-262}
[22:38:12] [Server thread/WARN]: Mismatch in destroy block pos: BlockPos{x=0, y=0, z=0} BlockPos{x=-150, y=231, z=-262}
[22:38:12] [Server thread/WARN]: Mismatch in destroy block pos: BlockPos{x=0, y=0, z=0} BlockPos{x=-149, y=231, z=-262}
[22:38:12] [Server thread/WARN]: Mismatch in destroy block pos: BlockPos{x=0, y=0, z=0} BlockPos{x=-149, y=230, z=-261}
[22:38:13] [Server thread/WARN]: Mismatch in destroy block pos: BlockPos{x=0, y=0, z=0} BlockPos{x=-150, y=230, z=-261}
[22:38:13] [Server thread/WARN]: Mismatch in destroy block pos: BlockPos{x=0, y=0, z=0} BlockPos{x=-149, y=230, z=-261}
[22:38:13] [Server thread/WARN]: Mismatch in destroy block pos: BlockPos{x=0, y=0, z=0} BlockPos{x=-149, y=231, z=-262}
[22:38:13] [Server thread/WARN]: Mismatch in destroy block pos: BlockPos{x=0, y=0, z=0} BlockPos{x=-150, y=231, z=-262}
[22:38:13] [Server thread/WARN]: Mismatch in destroy block pos: BlockPos{x=0, y=0, z=0} BlockPos{x=-149, y=231, z=-262}
[22:38:14] [Server thread/WARN]: Mismatch in destroy block pos: BlockPos{x=0, y=0, z=0} BlockPos{x=-150, y=230, z=-261}
[22:38:14] [Server thread/WARN]: Mismatch in destroy block pos: BlockPos{x=0, y=0, z=0} BlockPos{x=-149, y=230, z=-261}
[22:38:14] [Server thread/WARN]: Mismatch in destroy block pos: BlockPos{x=0, y=0, z=0} BlockPos{x=-149, y=231, z=-262}
[22:38:14] [Server thread/WARN]: Mismatch in destroy block pos: BlockPos{x=0, y=0, z=0} BlockPos{x=-136, y=230, z=-252}
[22:38:14] [Server thread/WARN]: Mismatch in destroy block pos: BlockPos{x=0, y=0, z=0} BlockPos{x=-137, y=230, z=-252}
[22:38:14] [Server thread/WARN]: Mismatch in destroy block pos: BlockPos{x=0, y=0, z=0} BlockPos{x=-150, y=231, z=-262}
[22:38:14] [Server thread/WARN]: Mismatch in destroy block pos: BlockPos{x=0, y=0, z=0} BlockPos{x=-149, y=231, z=-262}
[22:38:14] [Server thread/WARN]: Mismatch in destroy block pos: BlockPos{x=0, y=0, z=0} BlockPos{x=-150, y=231, z=-262}
[22:38:19] [Server thread/WARN]: Mismatch in destroy block pos: BlockPos{x=0, y=0, z=0} BlockPos{x=-142, y=230, z=-251}
[22:38:19] [Server thread/WARN]: Mismatch in destroy block pos: BlockPos{x=0, y=0, z=0} BlockPos{x=-149, y=230, z=-258}
[22:38:21] [Server thread/WARN]: Mismatch in destroy block pos: BlockPos{x=0, y=0, z=0} BlockPos{x=-139, y=230, z=-250}
[22:38:22] [Server thread/WARN]: Mismatch in destroy block pos: BlockPos{x=0, y=0, z=0} BlockPos{x=-149, y=230, z=-257}
[22:38:35] [Server thread/INFO]: SulfurYT[/100.65.63.13:52023] logged in with entity id 2279 at (-135.69974877848438, 231.0, -254.98069067971815)
[22:38:35] [Server thread/INFO]: SulfurYT joined the game
[22:38:35] [Server thread/INFO]: [voicechat] Received secret request of SulfurYT (20)
[22:38:35] [Server thread/INFO]: [voicechat] Sent secret to SulfurYT
[22:38:35] [VoiceChatPacketProcessingThread/INFO]: [voicechat] Successfully authenticated player 80ecb5c7-c815-379b-bf25-a5c3b5591d20
[22:38:36] [VoiceChatPacketProcessingThread/INFO]: [voicechat] Successfully validated connection of player 80ecb5c7-c815-379b-bf25-a5c3b5591d20
[22:38:36] [VoiceChatPacketProcessingThread/INFO]: [voicechat] Player SulfurYT (80ecb5c7-c815-379b-bf25-a5c3b5591d20) successfully connected to voice chat
[22:38:39] [Server thread/INFO]: [[COMENTARISTA] IsuName_: Teleported 12 entities to [COMENTARISTA] IsuName_]
[22:38:40] [Server thread/INFO]: [Not Secure] <cosoduts> hola
[22:38:41] [Server thread/INFO]: KoreZ[/100.101.66.36:55527] logged in with entity id 2289 at (-130.30000001192093, 231.0, -253.2958370821081)
[22:38:41] [Server thread/INFO]: KoreZ joined the game
[22:38:41] [Server thread/INFO]: [voicechat] Received secret request of KoreZ (20)
[22:38:41] [Server thread/INFO]: [voicechat] Sent secret to KoreZ
[22:38:41] [VoiceChatPacketProcessingThread/INFO]: [voicechat] Successfully authenticated player cd5e72f8-6ffc-3be1-b0c4-4248ab888f78
[22:38:42] [VoiceChatPacketProcessingThread/INFO]: [voicechat] Successfully validated connection of player cd5e72f8-6ffc-3be1-b0c4-4248ab888f78
[22:38:42] [VoiceChatPacketProcessingThread/INFO]: [voicechat] Player KoreZ (cd5e72f8-6ffc-3be1-b0c4-4248ab888f78) successfully connected to voice chat
[22:38:45] [Server thread/INFO]: [[COMENTARISTA] IsuName_: Teleported 13 entities to [COMENTARISTA] IsuName_]
[22:38:47] [Server thread/INFO]: _Bela[/100.72.111.103:54410] logged in with entity id 2301 at (-135.04422263044245, 231.0, -254.05595744961064)
[22:38:47] [Server thread/INFO]: _Bela joined the game
[22:38:48] [Server thread/INFO]: [voicechat] Received secret request of _Bela (20)
[22:38:48] [Server thread/INFO]: [voicechat] Sent secret to _Bela
[22:38:48] [VoiceChatPacketProcessingThread/INFO]: [voicechat] Successfully authenticated player 31607bb8-0d73-3ac6-8f27-ce999eda4b57
[22:38:49] [VoiceChatPacketProcessingThread/INFO]: [voicechat] Successfully validated connection of player 31607bb8-0d73-3ac6-8f27-ce999eda4b57
[22:38:49] [VoiceChatPacketProcessingThread/INFO]: [voicechat] Player _Bela (31607bb8-0d73-3ac6-8f27-ce999eda4b57) successfully connected to voice chat
[22:38:51] [SkinRestorer-Fetch-19/WARN]: Failed to fetch skin 'mojang:Nutria_gamer'
java.lang.IllegalStateException: not found
	at knot//net.lionarius.skinrestorer.util.WebUtils.throwOnClientErrors(WebUtils.java:133)
	at knot//net.lionarius.skinrestorer.skin.provider.base.YggdrasilSkinProvider.getProfile(YggdrasilSkinProvider.java:52)
	at knot//net.lionarius.skinrestorer.skin.provider.builtin.MojangSkinProvider.access$100(MojangSkinProvider.java:19)
	at knot//net.lionarius.skinrestorer.skin.provider.builtin.MojangSkinProvider$1.findProfileByName(MojangSkinProvider.java:58)
	at knot//net.minecraft.server.players.CachedUserNameToIdResolver.lookupGameProfile(CachedUserNameToIdResolver.java:73)
	at knot//net.minecraft.server.players.CachedUserNameToIdResolver.get(CachedUserNameToIdResolver.java:134)
	at knot//net.lionarius.skinrestorer.skin.provider.builtin.MojangSkinProvider.resolveUuid(MojangSkinProvider.java:89)
	at knot//net.lionarius.skinrestorer.skin.provider.base.ProfileSkinProvider.getCacheKey(ProfileSkinProvider.java:63)
	at knot//net.lionarius.skinrestorer.skin.provider.base.ProfileSkinProvider.getCacheKey(ProfileSkinProvider.java:19)
	at knot//net.lionarius.skinrestorer.skin.provider.base.AbstractSkinProvider.fetchSkin(AbstractSkinProvider.java:51)
	at knot//net.minecraft.server.network.ServerLoginPacketListenerImpl.md776234$skinrestorer$lambda$skinrestorer$fetchSkin$0$1(ServerLoginPacketListenerImpl.java:1614)
	at java.base/java.util.Optional.map(Optional.java:260)
	at knot//net.minecraft.server.network.ServerLoginPacketListenerImpl.skinrestorer$fetchSkin(ServerLoginPacketListenerImpl.java:1614)
	at knot//net.minecraft.server.network.ServerLoginPacketListenerImpl.md776234$skinrestorer$lambda$waitForSkin$0$2(ServerLoginPacketListenerImpl.java:1592)
	at java.base/java.util.concurrent.CompletableFuture$AsyncSupply.run(CompletableFuture.java:1789)
	at java.base/java.util.concurrent.ThreadPoolExecutor.runWorker(ThreadPoolExecutor.java:1090)
	at java.base/java.util.concurrent.ThreadPoolExecutor$Worker.run(ThreadPoolExecutor.java:614)
	at java.base/java.lang.Thread.run(Thread.java:1474)
[22:38:51] [Server thread/INFO]: Nutria_gamer[/100.88.33.103:65222] logged in with entity id 2302 at (-135.7927106323671, 231.1212968405392, -257.3498758057676)
[22:38:51] [Server thread/INFO]: Nutria_gamer joined the game
[22:38:52] [Server thread/INFO]: [voicechat] Received secret request of Nutria_gamer (20)
[22:38:52] [Server thread/INFO]: [voicechat] Sent secret to Nutria_gamer
[22:38:52] [VoiceChatPacketProcessingThread/INFO]: [voicechat] Successfully authenticated player 3cd89bb4-a6de-38a7-9f67-0f27614658f7
[22:38:53] [VoiceChatPacketProcessingThread/INFO]: [voicechat] Successfully validated connection of player 3cd89bb4-a6de-38a7-9f67-0f27614658f7
[22:38:53] [VoiceChatPacketProcessingThread/INFO]: [voicechat] Player Nutria_gamer (3cd89bb4-a6de-38a7-9f67-0f27614658f7) successfully connected to voice chat
[22:38:53] [Server thread/WARN]: Mismatch in destroy block pos: BlockPos{x=0, y=0, z=0} BlockPos{x=-145, y=230, z=-254}
[22:38:54] [Server thread/WARN]: Mismatch in destroy block pos: BlockPos{x=0, y=0, z=0} BlockPos{x=-144, y=230, z=-257}
[22:38:54] [Server thread/WARN]: Mismatch in destroy block pos: BlockPos{x=0, y=0, z=0} BlockPos{x=-143, y=230, z=-254}
[22:38:54] [Server thread/WARN]: Mismatch in destroy block pos: BlockPos{x=0, y=0, z=0} BlockPos{x=-143, y=230, z=-253}
[22:38:54] [Server thread/WARN]: Mismatch in destroy block pos: BlockPos{x=0, y=0, z=0} BlockPos{x=-145, y=230, z=-253}
[22:38:55] [Server thread/WARN]: Mismatch in destroy block pos: BlockPos{x=0, y=0, z=0} BlockPos{x=-145, y=230, z=-254}
[22:38:55] [Server thread/WARN]: Mismatch in destroy block pos: BlockPos{x=0, y=0, z=0} BlockPos{x=-145, y=230, z=-255}
[22:38:56] [Server thread/INFO]: Frank38kyt[/100.106.66.43:57378] logged in with entity id 2304 at (-138.5, 231.0, -255.5)
[22:38:56] [Server thread/INFO]: Frank38kyt joined the game
[22:38:56] [Server thread/INFO]: [voicechat] Received secret request of Frank38kyt (20)
[22:38:56] [Server thread/INFO]: [voicechat] Sent secret to Frank38kyt
[22:38:56] [VoiceChatPacketProcessingThread/INFO]: [voicechat] Successfully authenticated player 3f426686-2962-3162-9488-12b5861c9d28
[22:38:57] [Server thread/WARN]: Mismatch in destroy block pos: BlockPos{x=0, y=0, z=0} BlockPos{x=-145, y=230, z=-255}
[22:38:57] [Server thread/WARN]: Mismatch in destroy block pos: BlockPos{x=0, y=0, z=0} BlockPos{x=-143, y=230, z=-254}
[22:38:57] [Server thread/WARN]: Mismatch in destroy block pos: BlockPos{x=0, y=0, z=0} BlockPos{x=-144, y=230, z=-256}
[22:38:57] [Server thread/WARN]: Mismatch in destroy block pos: BlockPos{x=0, y=0, z=0} BlockPos{x=-143, y=230, z=-255}
[22:38:58] [Server thread/WARN]: Mismatch in destroy block pos: BlockPos{x=0, y=0, z=0} BlockPos{x=-142, y=230, z=-255}
[22:38:58] [Server thread/WARN]: Mismatch in destroy block pos: BlockPos{x=0, y=0, z=0} BlockPos{x=-139, y=230, z=-251}
[22:38:58] [Server thread/WARN]: Mismatch in destroy block pos: BlockPos{x=0, y=0, z=0} BlockPos{x=-138, y=230, z=-251}
[22:38:58] [Server thread/WARN]: Mismatch in destroy block pos: BlockPos{x=0, y=0, z=0} BlockPos{x=-141, y=230, z=-255}
[22:39:00] [Server thread/WARN]: Mismatch in destroy block pos: BlockPos{x=0, y=0, z=0} BlockPos{x=-144, y=230, z=-254}
[22:39:00] [Server thread/WARN]: Mismatch in destroy block pos: BlockPos{x=0, y=0, z=0} BlockPos{x=-142, y=230, z=-254}
[22:39:00] [Server thread/WARN]: Mismatch in destroy block pos: BlockPos{x=0, y=0, z=0} BlockPos{x=-141, y=230, z=-254}
[22:39:01] [Server thread/INFO]: [[ADMIN] Thes912: Teleported 16 entities to [ADMIN] Thes912]
[22:39:01] [Server thread/WARN]: Mismatch in destroy block pos: BlockPos{x=0, y=0, z=0} BlockPos{x=-138, y=230, z=-256}
[22:39:01] [Server thread/WARN]: Mismatch in destroy block pos: BlockPos{x=0, y=0, z=0} BlockPos{x=-138, y=230, z=-255}
[22:39:01] [Server thread/WARN]: Mismatch in destroy block pos: BlockPos{x=0, y=0, z=0} BlockPos{x=-138, y=230, z=-254}
[22:39:01] [Server thread/WARN]: Mismatch in destroy block pos: BlockPos{x=0, y=0, z=0} BlockPos{x=-138, y=230, z=-254}
[22:39:02] [Server thread/WARN]: Mismatch in destroy block pos: BlockPos{x=0, y=0, z=0} BlockPos{x=-138, y=230, z=-257}
[22:39:03] [VoiceChatPacketProcessingThread/INFO]: [voicechat] Successfully validated connection of player 3f426686-2962-3162-9488-12b5861c9d28
[22:39:03] [VoiceChatPacketProcessingThread/INFO]: [voicechat] Player Frank38kyt (3f426686-2962-3162-9488-12b5861c9d28) successfully connected to voice chat
[22:39:03] [Server thread/WARN]: Mismatch in destroy block pos: BlockPos{x=0, y=0, z=0} BlockPos{x=-139, y=230, z=-259}
[22:39:04] [Server thread/WARN]: Mismatch in destroy block pos: BlockPos{x=0, y=0, z=0} BlockPos{x=-138, y=230, z=-258}
[22:39:04] [Server thread/WARN]: Mismatch in destroy block pos: BlockPos{x=0, y=0, z=0} BlockPos{x=-138, y=230, z=-257}
[22:39:04] [Server thread/INFO]: [Not Secure] <cosoduts> frank puto
[22:39:04] [Server thread/WARN]: Mismatch in destroy block pos: BlockPos{x=0, y=0, z=0} BlockPos{x=-141, y=230, z=-254}
[22:39:04] [Server thread/WARN]: Mismatch in destroy block pos: BlockPos{x=0, y=0, z=0} BlockPos{x=-136, y=230, z=-254}
[22:39:04] [Server thread/WARN]: Mismatch in destroy block pos: BlockPos{x=0, y=0, z=0} BlockPos{x=-136, y=230, z=-253}
[22:39:05] [Server thread/WARN]: Mismatch in destroy block pos: BlockPos{x=0, y=0, z=0} BlockPos{x=-137, y=230, z=-253}
[22:39:05] [Server thread/WARN]: Mismatch in destroy block pos: BlockPos{x=0, y=0, z=0} BlockPos{x=-137, y=230, z=-254}
[22:39:05] [Server thread/WARN]: Mismatch in destroy block pos: BlockPos{x=0, y=0, z=0} BlockPos{x=-138, y=230, z=-254}
[22:39:05] [SkinRestorer-Fetch-21/WARN]: Failed to fetch skin 'mojang:77kilosdeGuppy'
java.lang.IllegalStateException: not found
	at knot//net.lionarius.skinrestorer.util.WebUtils.throwOnClientErrors(WebUtils.java:133)
	at knot//net.lionarius.skinrestorer.skin.provider.base.YggdrasilSkinProvider.getProfile(YggdrasilSkinProvider.java:52)
	at knot//net.lionarius.skinrestorer.skin.provider.builtin.MojangSkinProvider.access$100(MojangSkinProvider.java:19)
	at knot//net.lionarius.skinrestorer.skin.provider.builtin.MojangSkinProvider$1.findProfileByName(MojangSkinProvider.java:58)
	at knot//net.minecraft.server.players.CachedUserNameToIdResolver.lookupGameProfile(CachedUserNameToIdResolver.java:73)
	at knot//net.minecraft.server.players.CachedUserNameToIdResolver.get(CachedUserNameToIdResolver.java:134)
	at knot//net.lionarius.skinrestorer.skin.provider.builtin.MojangSkinProvider.resolveUuid(MojangSkinProvider.java:89)
	at knot//net.lionarius.skinrestorer.skin.provider.base.ProfileSkinProvider.getCacheKey(ProfileSkinProvider.java:63)
	at knot//net.lionarius.skinrestorer.skin.provider.base.ProfileSkinProvider.getCacheKey(ProfileSkinProvider.java:19)
	at knot//net.lionarius.skinrestorer.skin.provider.base.AbstractSkinProvider.fetchSkin(AbstractSkinProvider.java:51)
	at knot//net.minecraft.server.network.ServerLoginPacketListenerImpl.md776234$skinrestorer$lambda$skinrestorer$fetchSkin$0$1(ServerLoginPacketListenerImpl.java:1614)
	at java.base/java.util.Optional.map(Optional.java:260)
	at knot//net.minecraft.server.network.ServerLoginPacketListenerImpl.skinrestorer$fetchSkin(ServerLoginPacketListenerImpl.java:1614)
	at knot//net.minecraft.server.network.ServerLoginPacketListenerImpl.md776234$skinrestorer$lambda$waitForSkin$0$2(ServerLoginPacketListenerImpl.java:1592)
	at java.base/java.util.concurrent.CompletableFuture$AsyncSupply.run(CompletableFuture.java:1789)
	at java.base/java.util.concurrent.ThreadPoolExecutor.runWorker(ThreadPoolExecutor.java:1090)
	at java.base/java.util.concurrent.ThreadPoolExecutor$Worker.run(ThreadPoolExecutor.java:614)
	at java.base/java.lang.Thread.run(Thread.java:1474)
[22:39:06] [Server thread/INFO]: 77kilosdeGuppy[/100.108.254.59:62543] logged in with entity id 2321 at (-6.744248804557974, 103.0, 3.5053407746626406)
[22:39:06] [Server thread/INFO]: 77kilosdeGuppy joined the game
[22:39:06] [Server thread/WARN]: Mismatch in destroy block pos: BlockPos{x=0, y=0, z=0} BlockPos{x=-141, y=230, z=-258}
[22:39:06] [Server thread/WARN]: Mismatch in destroy block pos: BlockPos{x=0, y=0, z=0} BlockPos{x=-139, y=230, z=-260}
[22:39:07] [Server thread/WARN]: Mismatch in destroy block pos: BlockPos{x=0, y=0, z=0} BlockPos{x=-139, y=230, z=-259}
[22:39:11] [Server thread/WARN]: Mismatch in destroy block pos: BlockPos{x=0, y=0, z=0} BlockPos{x=-136, y=230, z=-255}
[22:39:11] [Server thread/WARN]: Mismatch in destroy block pos: BlockPos{x=0, y=0, z=0} BlockPos{x=-135, y=230, z=-254}
[22:39:11] [Server thread/WARN]: Mismatch in destroy block pos: BlockPos{x=0, y=0, z=0} BlockPos{x=-136, y=230, z=-254}
[22:39:11] [Server thread/WARN]: Mismatch in destroy block pos: BlockPos{x=0, y=0, z=0} BlockPos{x=-136, y=230, z=-253}
[22:39:11] [Server thread/WARN]: Mismatch in destroy block pos: BlockPos{x=0, y=0, z=0} BlockPos{x=-136, y=230, z=-254}
[22:39:11] [Server thread/INFO]: Pepo2804[/100.110.172.1:51513] logged in with entity id 2518 at (-5.5, 101.0, -2.5)
[22:39:11] [Server thread/INFO]: Pepo2804 joined the game
[22:39:11] [Server thread/WARN]: Mismatch in destroy block pos: BlockPos{x=0, y=0, z=0} BlockPos{x=-135, y=230, z=-252}
[22:39:11] [Server thread/WARN]: Mismatch in destroy block pos: BlockPos{x=0, y=0, z=0} BlockPos{x=-134, y=230, z=-252}
[22:39:11] [Server thread/WARN]: Mismatch in destroy block pos: BlockPos{x=-183, y=101, z=52} BlockPos{x=-132, y=231, z=-245}
[22:39:11] [Server thread/WARN]: Mismatch in destroy block pos: BlockPos{x=-183, y=101, z=52} BlockPos{x=-132, y=232, z=-245}
[22:39:11] [Server thread/WARN]: Mismatch in destroy block pos: BlockPos{x=-183, y=101, z=52} BlockPos{x=-133, y=232, z=-245}
[22:39:12] [Server thread/WARN]: Mismatch in destroy block pos: BlockPos{x=0, y=0, z=0} BlockPos{x=-137, y=230, z=-248}
[22:39:12] [Server thread/WARN]: Mismatch in destroy block pos: BlockPos{x=0, y=0, z=0} BlockPos{x=-134, y=232, z=-245}
[22:39:13] [Server thread/WARN]: Mismatch in destroy block pos: BlockPos{x=0, y=0, z=0} BlockPos{x=-140, y=230, z=-248}
[22:39:13] [Server thread/WARN]: Mismatch in destroy block pos: BlockPos{x=0, y=0, z=0} BlockPos{x=-141, y=230, z=-248}
[22:39:13] [Server thread/WARN]: Mismatch in destroy block pos: BlockPos{x=0, y=0, z=0} BlockPos{x=-137, y=230, z=-248}
[22:39:13] [Server thread/WARN]: Mismatch in destroy block pos: BlockPos{x=0, y=0, z=0} BlockPos{x=-141, y=230, z=-248}
[22:39:13] [Server thread/WARN]: Mismatch in destroy block pos: BlockPos{x=0, y=0, z=0} BlockPos{x=-142, y=230, z=-248}
[22:39:13] [Server thread/WARN]: Mismatch in destroy block pos: BlockPos{x=0, y=0, z=0} BlockPos{x=-143, y=230, z=-247}
[22:39:13] [Server thread/WARN]: Mismatch in destroy block pos: BlockPos{x=0, y=0, z=0} BlockPos{x=-143, y=230, z=-247}
[22:39:13] [Server thread/WARN]: Mismatch in destroy block pos: BlockPos{x=0, y=0, z=0} BlockPos{x=-140, y=230, z=-248}
[22:39:13] [Server thread/WARN]: Mismatch in destroy block pos: BlockPos{x=0, y=0, z=0} BlockPos{x=-144, y=230, z=-247}
[22:39:14] [Server thread/WARN]: Mismatch in destroy block pos: BlockPos{x=0, y=0, z=0} BlockPos{x=-145, y=230, z=-246}
[22:39:14] [Server thread/WARN]: Mismatch in destroy block pos: BlockPos{x=0, y=0, z=0} BlockPos{x=-145, y=230, z=-246}
[22:39:14] [Server thread/WARN]: Mismatch in destroy block pos: BlockPos{x=0, y=0, z=0} BlockPos{x=-146, y=230, z=-246}
[22:39:14] [Server thread/WARN]: Mismatch in destroy block pos: BlockPos{x=0, y=0, z=0} BlockPos{x=-147, y=230, z=-246}
[22:39:15] [Server thread/WARN]: Mismatch in destroy block pos: BlockPos{x=0, y=0, z=0} BlockPos{x=-138, y=230, z=-254}
[22:39:15] [Server thread/WARN]: Mismatch in destroy block pos: BlockPos{x=0, y=0, z=0} BlockPos{x=-137, y=230, z=-255}
[22:39:15] [Server thread/WARN]: Mismatch in destroy block pos: BlockPos{x=0, y=0, z=0} BlockPos{x=-137, y=230, z=-257}
[22:39:15] [Server thread/WARN]: Mismatch in destroy block pos: BlockPos{x=-183, y=101, z=52} BlockPos{x=-147, y=231, z=-245}
[22:39:16] [Server thread/WARN]: Mismatch in destroy block pos: BlockPos{x=0, y=0, z=0} BlockPos{x=-139, y=230, z=-258}
[22:39:17] [Server thread/INFO]: [[ADMIN] Thes912: Teleported 18 entities to [ADMIN] Thes912]
[22:39:17] [Server thread/WARN]: Mismatch in destroy block pos: BlockPos{x=0, y=0, z=0} BlockPos{x=-139, y=230, z=-251}
[22:39:17] [Server thread/WARN]: Mismatch in destroy block pos: BlockPos{x=0, y=0, z=0} BlockPos{x=-139, y=230, z=-250}
[22:39:17] [Server thread/WARN]: Mismatch in destroy block pos: BlockPos{x=0, y=0, z=0} BlockPos{x=-139, y=230, z=-249}
[22:39:18] [Server thread/WARN]: Mismatch in destroy block pos: BlockPos{x=0, y=0, z=0} BlockPos{x=-139, y=230, z=-248}
[22:39:18] [Server thread/WARN]: Mismatch in destroy block pos: BlockPos{x=0, y=0, z=0} BlockPos{x=-139, y=230, z=-247}
[22:39:18] [Server thread/WARN]: Mismatch in destroy block pos: BlockPos{x=0, y=0, z=0} BlockPos{x=-139, y=230, z=-247}
[22:39:19] [Server thread/WARN]: Mismatch in destroy block pos: BlockPos{x=0, y=0, z=0} BlockPos{x=-139, y=230, z=-257}
[22:39:20] [Server thread/WARN]: Mismatch in destroy block pos: BlockPos{x=0, y=0, z=0} BlockPos{x=-138, y=230, z=-255}
[22:39:20] [Server thread/WARN]: Mismatch in destroy block pos: BlockPos{x=0, y=0, z=0} BlockPos{x=-141, y=230, z=-256}
[22:39:20] [Server thread/WARN]: Mismatch in destroy block pos: BlockPos{x=0, y=0, z=0} BlockPos{x=-142, y=230, z=-255}
[22:39:20] [Server thread/WARN]: Mismatch in destroy block pos: BlockPos{x=0, y=0, z=0} BlockPos{x=-139, y=232, z=-262}
[22:39:20] [Server thread/WARN]: Mismatch in destroy block pos: BlockPos{x=0, y=0, z=0} BlockPos{x=-139, y=233, z=-262}
[22:39:21] [Server thread/WARN]: Mismatch in destroy block pos: BlockPos{x=0, y=0, z=0} BlockPos{x=-139, y=233, z=-262}
[22:39:21] [Server thread/WARN]: Mismatch in destroy block pos: BlockPos{x=0, y=0, z=0} BlockPos{x=-139, y=232, z=-262}
[22:39:22] [Server thread/WARN]: Mismatch in destroy block pos: BlockPos{x=0, y=0, z=0} BlockPos{x=-143, y=232, z=-245}
[22:39:22] [Server thread/WARN]: Mismatch in destroy block pos: BlockPos{x=0, y=0, z=0} BlockPos{x=-143, y=232, z=-245}
[22:39:23] [Server thread/WARN]: Mismatch in destroy block pos: BlockPos{x=0, y=0, z=0} BlockPos{x=-138, y=232, z=-245}
[22:39:24] [Server thread/INFO]: NovoaCol[/100.114.134.55:25133] logged in with entity id 2536 at (13.743877536176194, 103.0, -28.18697329219353)
[22:39:24] [Server thread/INFO]: NovoaCol joined the game
[22:39:24] [Server thread/WARN]: Mismatch in destroy block pos: BlockPos{x=0, y=0, z=0} BlockPos{x=-142, y=230, z=-249}
[22:39:24] [Server thread/WARN]: Mismatch in destroy block pos: BlockPos{x=0, y=0, z=0} BlockPos{x=-130, y=232, z=-246}
[22:39:24] [Server thread/WARN]: Mismatch in destroy block pos: BlockPos{x=0, y=0, z=0} BlockPos{x=-130, y=232, z=-246}
[22:39:25] [Server thread/WARN]: Mismatch in destroy block pos: BlockPos{x=0, y=0, z=0} BlockPos{x=-130, y=232, z=-246}
[22:39:25] [Server thread/WARN]: Mismatch in destroy block pos: BlockPos{x=0, y=0, z=0} BlockPos{x=-130, y=232, z=-247}
[22:39:25] [Server thread/WARN]: Mismatch in destroy block pos: BlockPos{x=0, y=0, z=0} BlockPos{x=-130, y=232, z=-249}
[22:39:27] [Server thread/WARN]: Mismatch in destroy block pos: BlockPos{x=0, y=0, z=0} BlockPos{x=-141, y=231, z=-262}
[22:39:28] [Server thread/WARN]: Mismatch in destroy block pos: BlockPos{x=0, y=0, z=0} BlockPos{x=-142, y=232, z=-245}
[22:39:28] [Server thread/WARN]: Mismatch in destroy block pos: BlockPos{x=0, y=0, z=0} BlockPos{x=-142, y=232, z=-245}
[22:39:29] [Server thread/WARN]: Mismatch in destroy block pos: BlockPos{x=0, y=0, z=0} BlockPos{x=-140, y=230, z=-259}
[22:39:29] [Server thread/WARN]: Mismatch in destroy block pos: BlockPos{x=0, y=0, z=0} BlockPos{x=-138, y=230, z=-259}
[22:39:29] [Server thread/WARN]: Mismatch in destroy block pos: BlockPos{x=0, y=0, z=0} BlockPos{x=-140, y=230, z=-259}
[22:39:30] [Server thread/WARN]: Mismatch in destroy block pos: BlockPos{x=0, y=0, z=0} BlockPos{x=-141, y=230, z=-259}
[22:39:30] [Server thread/WARN]: Mismatch in destroy block pos: BlockPos{x=0, y=0, z=0} BlockPos{x=-138, y=230, z=-260}
[22:39:32] [Server thread/WARN]: Mismatch in destroy block pos: BlockPos{x=0, y=0, z=0} BlockPos{x=-139, y=230, z=-257}
[22:39:32] [Server thread/WARN]: Mismatch in destroy block pos: BlockPos{x=0, y=0, z=0} BlockPos{x=-141, y=230, z=-259}
[22:39:32] [Server thread/WARN]: Mismatch in destroy block pos: BlockPos{x=0, y=0, z=0} BlockPos{x=-140, y=230, z=-256}
[22:39:32] [Server thread/WARN]: Mismatch in destroy block pos: BlockPos{x=0, y=0, z=0} BlockPos{x=-140, y=230, z=-256}
[22:39:32] [Server thread/WARN]: Mismatch in destroy block pos: BlockPos{x=0, y=0, z=0} BlockPos{x=-141, y=230, z=-254}
[22:39:32] [Server thread/WARN]: Mismatch in destroy block pos: BlockPos{x=-183, y=101, z=52} BlockPos{x=-143, y=233, z=-245}
[22:39:32] [Server thread/WARN]: Mismatch in destroy block pos: BlockPos{x=-183, y=101, z=52} BlockPos{x=-144, y=233, z=-245}
[22:39:33] [Server thread/WARN]: Mismatch in destroy block pos: BlockPos{x=0, y=0, z=0} BlockPos{x=-137, y=231, z=-262}
[22:39:33] [Server thread/WARN]: Mismatch in destroy block pos: BlockPos{x=0, y=0, z=0} BlockPos{x=-138, y=231, z=-262}
[22:39:34] [Server thread/WARN]: Mismatch in destroy block pos: BlockPos{x=0, y=0, z=0} BlockPos{x=-151, y=232, z=-251}
[22:39:34] [Server thread/WARN]: Mismatch in destroy block pos: BlockPos{x=0, y=0, z=0} BlockPos{x=-136, y=232, z=-262}
[22:39:34] [Server thread/WARN]: Mismatch in destroy block pos: BlockPos{x=0, y=0, z=0} BlockPos{x=-137, y=232, z=-262}
[22:39:35] [Server thread/WARN]: Mismatch in destroy block pos: BlockPos{x=0, y=0, z=0} BlockPos{x=-138, y=232, z=-262}
[22:39:36] [Server thread/WARN]: Mismatch in destroy block pos: BlockPos{x=0, y=0, z=0} BlockPos{x=-137, y=231, z=-262}
[22:39:36] [Server thread/WARN]: Mismatch in destroy block pos: BlockPos{x=0, y=0, z=0} BlockPos{x=-138, y=231, z=-262}
[22:39:36] [Server thread/WARN]: Mismatch in destroy block pos: BlockPos{x=0, y=0, z=0} BlockPos{x=-146, y=230, z=-252}
[22:39:36] [Server thread/WARN]: Mismatch in destroy block pos: BlockPos{x=0, y=0, z=0} BlockPos{x=-134, y=230, z=-260}
[22:39:36] [Server thread/WARN]: Mismatch in destroy block pos: BlockPos{x=0, y=0, z=0} BlockPos{x=-134, y=230, z=-261}
[22:39:36] [Server thread/WARN]: Mismatch in destroy block pos: BlockPos{x=0, y=0, z=0} BlockPos{x=-146, y=230, z=-250}
[22:39:36] [Server thread/WARN]: Mismatch in destroy block pos: BlockPos{x=0, y=0, z=0} BlockPos{x=-134, y=231, z=-262}
[22:39:36] [Server thread/WARN]: Mismatch in destroy block pos: BlockPos{x=0, y=0, z=0} BlockPos{x=-146, y=230, z=-249}
[22:39:37] [Server thread/WARN]: Mismatch in destroy block pos: BlockPos{x=0, y=0, z=0} BlockPos{x=-146, y=230, z=-249}
[22:39:37] [Server thread/WARN]: Mismatch in destroy block pos: BlockPos{x=0, y=0, z=0} BlockPos{x=-147, y=230, z=-249}
[22:39:37] [Server thread/WARN]: Mismatch in destroy block pos: BlockPos{x=0, y=0, z=0} BlockPos{x=-147, y=230, z=-246}
[22:39:37] [Server thread/WARN]: Mismatch in destroy block pos: BlockPos{x=0, y=0, z=0} BlockPos{x=-147, y=230, z=-247}
[22:39:38] [Server thread/WARN]: Mismatch in destroy block pos: BlockPos{x=0, y=0, z=0} BlockPos{x=-147, y=230, z=-246}
[22:39:38] [Server thread/WARN]: Mismatch in destroy block pos: BlockPos{x=0, y=0, z=0} BlockPos{x=-147, y=231, z=-245}
[22:39:38] [Server thread/WARN]: Mismatch in destroy block pos: BlockPos{x=0, y=0, z=0} BlockPos{x=-147, y=232, z=-245}
[22:39:39] [Server thread/INFO]: [Not Secure] <[ADMIN] Thes912> para los que no tienen voice chat aun tienen tiempo de instalarlo, lo recomiendo (no es obligatorio)
[22:39:46] [Server thread/INFO]: [[ADMIN] Thes912: Teleported 19 entities to [ADMIN] Thes912]
[22:39:47] [Server thread/INFO]: LaCerdita69[/100.86.33.105:54267] logged in with entity id 2826 at (-135.56347154949395, 231.0, -251.77392552423802)
[22:39:47] [Server thread/INFO]: LaCerdita69 joined the game
[22:39:47] [Server thread/INFO]: [voicechat] Received secret request of LaCerdita69 (20)
[22:39:47] [Server thread/INFO]: [voicechat] Sent secret to LaCerdita69
[22:39:47] [VoiceChatPacketProcessingThread/INFO]: [voicechat] Successfully authenticated player 87d39db5-da05-32f8-af27-e2fadb2dfbd9
[22:39:48] [VoiceChatPacketProcessingThread/INFO]: [voicechat] Successfully validated connection of player 87d39db5-da05-32f8-af27-e2fadb2dfbd9
[22:39:48] [VoiceChatPacketProcessingThread/INFO]: [voicechat] Player LaCerdita69 (87d39db5-da05-32f8-af27-e2fadb2dfbd9) successfully connected to voice chat
[22:39:49] [Server thread/WARN]: Mismatch in destroy block pos: BlockPos{x=0, y=0, z=0} BlockPos{x=-140, y=230, z=-257}
[22:39:49] [Server thread/INFO]: [Not Secure] <ggjero> ES UNA CHIMBA
[22:39:49] [Server thread/WARN]: Mismatch in destroy block pos: BlockPos{x=0, y=0, z=0} BlockPos{x=-140, y=230, z=-257}
[22:39:51] [Server thread/WARN]: Mismatch in destroy block pos: BlockPos{x=0, y=0, z=0} BlockPos{x=-138, y=232, z=-245}
[22:39:51] [Server thread/WARN]: Mismatch in destroy block pos: BlockPos{x=0, y=0, z=0} BlockPos{x=-139, y=232, z=-245}
[22:39:53] [Server thread/WARN]: Mismatch in destroy block pos: BlockPos{x=0, y=0, z=0} BlockPos{x=-142, y=231, z=-245}
[22:39:53] [Server thread/WARN]: Mismatch in destroy block pos: BlockPos{x=0, y=0, z=0} BlockPos{x=-144, y=230, z=-246}
[22:39:54] [Server thread/WARN]: Mismatch in destroy block pos: BlockPos{x=0, y=0, z=0} BlockPos{x=-144, y=230, z=-247}
[22:39:54] [Server thread/WARN]: Mismatch in destroy block pos: BlockPos{x=0, y=0, z=0} BlockPos{x=-144, y=230, z=-247}
[22:39:54] [Server thread/WARN]: Mismatch in destroy block pos: BlockPos{x=0, y=0, z=0} BlockPos{x=-143, y=230, z=-246}
[22:39:54] [Server thread/WARN]: Mismatch in destroy block pos: BlockPos{x=0, y=0, z=0} BlockPos{x=-143, y=230, z=-260}
[22:39:55] [Server thread/WARN]: Mismatch in destroy block pos: BlockPos{x=0, y=0, z=0} BlockPos{x=-134, y=230, z=-249}
[22:39:55] [Server thread/INFO]: [[ADMIN] Thes912: Teleported LaCerdita69 to [ADMIN] Thes912]
[22:39:55] [Server thread/WARN]: Mismatch in destroy block pos: BlockPos{x=0, y=0, z=0} BlockPos{x=-133, y=230, z=-249}
[22:39:55] [Server thread/WARN]: Mismatch in destroy block pos: BlockPos{x=0, y=0, z=0} BlockPos{x=-133, y=230, z=-250}
[22:39:59] [Server thread/WARN]: Mismatch in destroy block pos: BlockPos{x=0, y=0, z=0} BlockPos{x=-139, y=232, z=-245}
[22:39:59] [Server thread/WARN]: Mismatch in destroy block pos: BlockPos{x=0, y=0, z=0} BlockPos{x=-138, y=232, z=-245}
[22:39:59] [Server thread/WARN]: Mismatch in destroy block pos: BlockPos{x=0, y=0, z=0} BlockPos{x=-138, y=232, z=-245}
[22:39:59] [Server thread/WARN]: Mismatch in destroy block pos: BlockPos{x=0, y=0, z=0} BlockPos{x=-137, y=232, z=-245}
[22:40:00] [Server thread/INFO]: [Not Secure] <NovoaCol> PENE
[22:40:00] [Server thread/WARN]: Mismatch in destroy block pos: BlockPos{x=0, y=0, z=0} BlockPos{x=-130, y=232, z=-248}
[22:40:00] [Server thread/WARN]: Mismatch in destroy block pos: BlockPos{x=0, y=0, z=0} BlockPos{x=-130, y=233, z=-249}
[22:40:01] [Server thread/WARN]: Mismatch in destroy block pos: BlockPos{x=0, y=0, z=0} BlockPos{x=-130, y=233, z=-250}
[22:40:01] [Server thread/WARN]: Mismatch in destroy block pos: BlockPos{x=0, y=0, z=0} BlockPos{x=-130, y=232, z=-250}
[22:40:01] [Server thread/WARN]: Mismatch in destroy block pos: BlockPos{x=0, y=0, z=0} BlockPos{x=-130, y=231, z=-251}
[22:40:02] [Server thread/WARN]: Mismatch in destroy block pos: BlockPos{x=0, y=0, z=0} BlockPos{x=-139, y=232, z=-245}
[22:40:02] [Server thread/WARN]: Mismatch in destroy block pos: BlockPos{x=0, y=0, z=0} BlockPos{x=-137, y=230, z=-258}
[22:40:02] [Server thread/WARN]: Mismatch in destroy block pos: BlockPos{x=0, y=0, z=0} BlockPos{x=-138, y=230, z=-258}
[22:40:02] [Server thread/WARN]: Mismatch in destroy block pos: BlockPos{x=0, y=0, z=0} BlockPos{x=-137, y=232, z=-245}
[22:40:03] [Server thread/WARN]: Mismatch in destroy block pos: BlockPos{x=0, y=0, z=0} BlockPos{x=-140, y=231, z=-245}
[22:40:03] [Server thread/WARN]: Mismatch in destroy block pos: BlockPos{x=0, y=0, z=0} BlockPos{x=-141, y=231, z=-245}
[22:40:05] [Server thread/WARN]: Mismatch in destroy block pos: BlockPos{x=0, y=0, z=0} BlockPos{x=-144, y=232, z=-245}
[22:40:07] [Server thread/WARN]: Mismatch in destroy block pos: BlockPos{x=0, y=0, z=0} BlockPos{x=-135, y=230, z=-255}
[22:40:08] [Server thread/WARN]: Mismatch in destroy block pos: BlockPos{x=0, y=0, z=0} BlockPos{x=-135, y=230, z=-255}
[22:40:08] [Server thread/WARN]: Mismatch in destroy block pos: BlockPos{x=0, y=0, z=0} BlockPos{x=-136, y=230, z=-254}
[22:40:08] [Server thread/WARN]: Mismatch in destroy block pos: BlockPos{x=0, y=0, z=0} BlockPos{x=-135, y=230, z=-255}
[22:40:08] [Server thread/WARN]: Mismatch in destroy block pos: BlockPos{x=0, y=0, z=0} BlockPos{x=-135, y=230, z=-256}
[22:40:09] [Server thread/WARN]: Mismatch in destroy block pos: BlockPos{x=0, y=0, z=0} BlockPos{x=-133, y=230, z=-252}
[22:40:09] [Server thread/WARN]: Mismatch in destroy block pos: BlockPos{x=0, y=0, z=0} BlockPos{x=-141, y=230, z=-258}
[22:40:09] [Server thread/WARN]: Mismatch in destroy block pos: BlockPos{x=0, y=0, z=0} BlockPos{x=-141, y=230, z=-258}
[22:40:09] [Server thread/WARN]: Mismatch in destroy block pos: BlockPos{x=0, y=0, z=0} BlockPos{x=-144, y=230, z=-256}
[22:40:10] [Server thread/WARN]: Mismatch in destroy block pos: BlockPos{x=0, y=0, z=0} BlockPos{x=-141, y=230, z=-255}
[22:40:10] [Server thread/WARN]: Mismatch in destroy block pos: BlockPos{x=0, y=0, z=0} BlockPos{x=-145, y=230, z=-256}
[22:40:10] [Server thread/WARN]: Mismatch in destroy block pos: BlockPos{x=0, y=0, z=0} BlockPos{x=-145, y=230, z=-255}
[22:40:10] [Server thread/WARN]: Mismatch in destroy block pos: BlockPos{x=0, y=0, z=0} BlockPos{x=-146, y=230, z=-255}
[22:40:10] [Server thread/WARN]: Mismatch in destroy block pos: BlockPos{x=0, y=0, z=0} BlockPos{x=-130, y=232, z=-251}
[22:40:10] [Server thread/WARN]: Mismatch in destroy block pos: BlockPos{x=0, y=0, z=0} BlockPos{x=-145, y=230, z=-254}
[22:40:10] [Server thread/WARN]: Mismatch in destroy block pos: BlockPos{x=0, y=0, z=0} BlockPos{x=-145, y=230, z=-253}
[22:40:11] [Server thread/WARN]: Mismatch in destroy block pos: BlockPos{x=0, y=0, z=0} BlockPos{x=-151, y=231, z=-249}
[22:40:11] [Server thread/WARN]: Mismatch in destroy block pos: BlockPos{x=0, y=0, z=0} BlockPos{x=-151, y=232, z=-249}
[22:40:13] [Server thread/WARN]: Mismatch in destroy block pos: BlockPos{x=0, y=0, z=0} BlockPos{x=-130, y=231, z=-249}
[22:40:13] [Server thread/WARN]: Mismatch in destroy block pos: BlockPos{x=0, y=0, z=0} BlockPos{x=-130, y=231, z=-249}
[22:40:13] [Server thread/WARN]: Mismatch in destroy block pos: BlockPos{x=0, y=0, z=0} BlockPos{x=-131, y=230, z=-250}
[22:40:13] [Server thread/WARN]: Mismatch in destroy block pos: BlockPos{x=0, y=0, z=0} BlockPos{x=-130, y=232, z=-249}
[22:40:13] [Server thread/WARN]: Mismatch in destroy block pos: BlockPos{x=0, y=0, z=0} BlockPos{x=-130, y=233, z=-249}
[22:40:13] [Server thread/WARN]: Mismatch in destroy block pos: BlockPos{x=0, y=0, z=0} BlockPos{x=-130, y=232, z=-250}
[22:40:13] [Server thread/WARN]: Mismatch in destroy block pos: BlockPos{x=0, y=0, z=0} BlockPos{x=-132, y=230, z=-252}
[22:40:14] [Server thread/WARN]: Mismatch in destroy block pos: BlockPos{x=0, y=0, z=0} BlockPos{x=-132, y=230, z=-253}
[22:40:14] [Server thread/WARN]: Mismatch in destroy block pos: BlockPos{x=0, y=0, z=0} BlockPos{x=-134, y=230, z=-255}
[22:40:14] [Server thread/WARN]: Mismatch in destroy block pos: BlockPos{x=0, y=0, z=0} BlockPos{x=-146, y=232, z=-245}
[22:40:14] [Server thread/WARN]: Mismatch in destroy block pos: BlockPos{x=0, y=0, z=0} BlockPos{x=-147, y=230, z=-260}
[22:40:14] [Server thread/WARN]: Mismatch in destroy block pos: BlockPos{x=0, y=0, z=0} BlockPos{x=-132, y=230, z=-254}
[22:40:14] [Server thread/WARN]: Mismatch in destroy block pos: BlockPos{x=0, y=0, z=0} BlockPos{x=-146, y=233, z=-245}
[22:40:14] [Server thread/WARN]: Mismatch in destroy block pos: BlockPos{x=0, y=0, z=0} BlockPos{x=-145, y=233, z=-245}
[22:40:14] [Server thread/WARN]: Mismatch in destroy block pos: BlockPos{x=0, y=0, z=0} BlockPos{x=-145, y=232, z=-245}
[22:40:15] [Server thread/WARN]: Mismatch in destroy block pos: BlockPos{x=0, y=0, z=0} BlockPos{x=-130, y=233, z=-255}
[22:40:18] [Server thread/WARN]: Mismatch in destroy block pos: BlockPos{x=0, y=0, z=0} BlockPos{x=-144, y=230, z=-257}
[22:40:18] [Server thread/WARN]: Mismatch in destroy block pos: BlockPos{x=0, y=0, z=0} BlockPos{x=-144, y=230, z=-257}
[22:40:18] [Server thread/WARN]: Mismatch in destroy block pos: BlockPos{x=0, y=0, z=0} BlockPos{x=-147, y=230, z=-254}
[22:40:18] [Server thread/WARN]: Mismatch in destroy block pos: BlockPos{x=0, y=0, z=0} BlockPos{x=-143, y=230, z=-257}
[22:40:18] [Server thread/WARN]: Mismatch in destroy block pos: BlockPos{x=0, y=0, z=0} BlockPos{x=-151, y=232, z=-255}
[22:40:18] [Server thread/WARN]: Mismatch in destroy block pos: BlockPos{x=0, y=0, z=0} BlockPos{x=-151, y=232, z=-254}
[22:40:18] [Server thread/WARN]: Mismatch in destroy block pos: BlockPos{x=0, y=0, z=0} BlockPos{x=-147, y=230, z=-253}
[22:40:18] [Server thread/WARN]: Mismatch in destroy block pos: BlockPos{x=0, y=0, z=0} BlockPos{x=-147, y=230, z=-252}
[22:40:18] [Server thread/WARN]: Mismatch in destroy block pos: BlockPos{x=0, y=0, z=0} BlockPos{x=-151, y=233, z=-253}
[22:40:18] [Server thread/WARN]: Mismatch in destroy block pos: BlockPos{x=0, y=0, z=0} BlockPos{x=-151, y=232, z=-253}
[22:40:18] [Server thread/WARN]: Mismatch in destroy block pos: BlockPos{x=0, y=0, z=0} BlockPos{x=-147, y=230, z=-251}
[22:40:18] [Server thread/WARN]: Mismatch in destroy block pos: BlockPos{x=0, y=0, z=0} BlockPos{x=-151, y=232, z=-252}
[22:40:19] [Server thread/WARN]: Mismatch in destroy block pos: BlockPos{x=0, y=0, z=0} BlockPos{x=-151, y=232, z=-253}
[22:40:19] [Server thread/WARN]: Mismatch in destroy block pos: BlockPos{x=0, y=0, z=0} BlockPos{x=-151, y=233, z=-253}
[22:40:19] [Server thread/WARN]: Mismatch in destroy block pos: BlockPos{x=0, y=0, z=0} BlockPos{x=-151, y=233, z=-251}
[22:40:19] [Server thread/WARN]: Mismatch in destroy block pos: BlockPos{x=0, y=0, z=0} BlockPos{x=-151, y=233, z=-250}
[22:40:19] [Server thread/WARN]: Mismatch in destroy block pos: BlockPos{x=0, y=0, z=0} BlockPos{x=-151, y=232, z=-249}
[22:40:19] [Server thread/WARN]: Mismatch in destroy block pos: BlockPos{x=0, y=0, z=0} BlockPos{x=-151, y=231, z=-248}
[22:40:19] [Server thread/WARN]: Mismatch in destroy block pos: BlockPos{x=0, y=0, z=0} BlockPos{x=-151, y=232, z=-248}
[22:40:19] [Server thread/WARN]: Mismatch in destroy block pos: BlockPos{x=0, y=0, z=0} BlockPos{x=-151, y=233, z=-248}
[22:40:20] [Server thread/WARN]: Mismatch in destroy block pos: BlockPos{x=0, y=0, z=0} BlockPos{x=-151, y=231, z=-247}
[22:40:22] [Server thread/WARN]: Mismatch in destroy block pos: BlockPos{x=0, y=0, z=0} BlockPos{x=-140, y=230, z=-248}
[22:40:22] [Server thread/WARN]: Mismatch in destroy block pos: BlockPos{x=0, y=0, z=0} BlockPos{x=-141, y=230, z=-248}
[22:40:22] [Server thread/WARN]: Mismatch in destroy block pos: BlockPos{x=0, y=0, z=0} BlockPos{x=-141, y=230, z=-248}
[22:40:22] [Server thread/WARN]: Mismatch in destroy block pos: BlockPos{x=0, y=0, z=0} BlockPos{x=-141, y=230, z=-248}
[22:40:22] [Server thread/WARN]: Mismatch in destroy block pos: BlockPos{x=0, y=0, z=0} BlockPos{x=-140, y=230, z=-249}
[22:40:22] [Server thread/WARN]: Mismatch in destroy block pos: BlockPos{x=0, y=0, z=0} BlockPos{x=-139, y=230, z=-249}
[22:40:22] [Server thread/WARN]: Mismatch in destroy block pos: BlockPos{x=0, y=0, z=0} BlockPos{x=-138, y=230, z=-250}
[22:40:22] [Server thread/WARN]: Mismatch in destroy block pos: BlockPos{x=0, y=0, z=0} BlockPos{x=-138, y=230, z=-251}
[22:40:23] [Server thread/WARN]: Mismatch in destroy block pos: BlockPos{x=0, y=0, z=0} BlockPos{x=-137, y=230, z=-251}
[22:40:23] [Server thread/WARN]: Mismatch in destroy block pos: BlockPos{x=0, y=0, z=0} BlockPos{x=-137, y=230, z=-252}
[22:40:23] [Server thread/WARN]: Mismatch in destroy block pos: BlockPos{x=0, y=0, z=0} BlockPos{x=-136, y=230, z=-252}
[22:40:23] [Server thread/WARN]: Mismatch in destroy block pos: BlockPos{x=0, y=0, z=0} BlockPos{x=-136, y=230, z=-253}
[22:40:23] [Server thread/WARN]: Mismatch in destroy block pos: BlockPos{x=0, y=0, z=0} BlockPos{x=-135, y=230, z=-255}
[22:40:23] [Server thread/WARN]: Mismatch in destroy block pos: BlockPos{x=0, y=0, z=0} BlockPos{x=-135, y=230, z=-256}
[22:40:24] [Server thread/WARN]: Mismatch in destroy block pos: BlockPos{x=0, y=0, z=0} BlockPos{x=-141, y=233, z=-262}
[22:40:24] [Server thread/WARN]: Mismatch in destroy block pos: BlockPos{x=0, y=0, z=0} BlockPos{x=-139, y=234, z=-262}
[22:40:25] [Server thread/WARN]: Mismatch in destroy block pos: BlockPos{x=0, y=0, z=0} BlockPos{x=-133, y=232, z=-262}
[22:40:26] [Server thread/WARN]: Mismatch in destroy block pos: BlockPos{x=0, y=0, z=0} BlockPos{x=-137, y=232, z=-262}
[22:40:30] [Server thread/WARN]: Mismatch in destroy block pos: BlockPos{x=0, y=0, z=0} BlockPos{x=-143, y=230, z=-249}
[22:40:30] [Server thread/WARN]: Mismatch in destroy block pos: BlockPos{x=0, y=0, z=0} BlockPos{x=-143, y=230, z=-249}
[22:40:31] [Server thread/WARN]: Mismatch in destroy block pos: BlockPos{x=0, y=0, z=0} BlockPos{x=-144, y=230, z=-249}
[22:40:31] [Server thread/WARN]: Mismatch in destroy block pos: BlockPos{x=0, y=0, z=0} BlockPos{x=-145, y=230, z=-249}
[22:40:31] [Server thread/WARN]: Mismatch in destroy block pos: BlockPos{x=0, y=0, z=0} BlockPos{x=-146, y=230, z=-250}
[22:40:31] [Server thread/WARN]: Mismatch in destroy block pos: BlockPos{x=0, y=0, z=0} BlockPos{x=-147, y=230, z=-251}
[22:40:31] [Server thread/WARN]: Mismatch in destroy block pos: BlockPos{x=0, y=0, z=0} BlockPos{x=-147, y=230, z=-252}
[22:40:31] [Server thread/WARN]: Mismatch in destroy block pos: BlockPos{x=0, y=0, z=0} BlockPos{x=-148, y=230, z=-252}
[22:40:31] [Server thread/WARN]: Mismatch in destroy block pos: BlockPos{x=0, y=0, z=0} BlockPos{x=-148, y=230, z=-253}
[22:40:32] [Server thread/WARN]: Mismatch in destroy block pos: BlockPos{x=0, y=0, z=0} BlockPos{x=-148, y=230, z=-253}
[22:40:32] [Server thread/WARN]: Mismatch in destroy block pos: BlockPos{x=0, y=0, z=0} BlockPos{x=-148, y=230, z=-254}
[22:40:32] [Server thread/WARN]: Mismatch in destroy block pos: BlockPos{x=0, y=0, z=0} BlockPos{x=-147, y=230, z=-254}
[22:40:32] [Server thread/WARN]: Mismatch in destroy block pos: BlockPos{x=0, y=0, z=0} BlockPos{x=-146, y=230, z=-256}
[22:40:32] [Server thread/WARN]: Mismatch in destroy block pos: BlockPos{x=0, y=0, z=0} BlockPos{x=-145, y=230, z=-256}
[22:40:32] [Server thread/WARN]: Mismatch in destroy block pos: BlockPos{x=0, y=0, z=0} BlockPos{x=-137, y=230, z=-251}
[22:40:37] [Server thread/INFO]: LaCerdita69 lost connection: Disconnected
[22:40:37] [Server thread/INFO]: LaCerdita69 left the game
[22:40:37] [Server thread/INFO]: [voicechat] Disconnecting client LaCerdita69
[22:40:38] [Server thread/WARN]: Mismatch in destroy block pos: BlockPos{x=0, y=0, z=0} BlockPos{x=-150, y=230, z=-257}
[22:40:38] [Server thread/WARN]: Mismatch in destroy block pos: BlockPos{x=0, y=0, z=0} BlockPos{x=-134, y=231, z=-245}
[22:40:39] [Server thread/WARN]: Mismatch in destroy block pos: BlockPos{x=0, y=0, z=0} BlockPos{x=-134, y=230, z=-260}
[22:40:39] [Server thread/WARN]: Mismatch in destroy block pos: BlockPos{x=0, y=0, z=0} BlockPos{x=-148, y=230, z=-255}
[22:40:39] [Server thread/WARN]: Mismatch in destroy block pos: BlockPos{x=0, y=0, z=0} BlockPos{x=-134, y=230, z=-260}
[22:40:39] [Server thread/WARN]: Mismatch in destroy block pos: BlockPos{x=0, y=0, z=0} BlockPos{x=-149, y=230, z=-255}
[22:40:39] [Server thread/WARN]: Mismatch in destroy block pos: BlockPos{x=0, y=0, z=0} BlockPos{x=-150, y=230, z=-255}
[22:40:40] [Server thread/WARN]: Mismatch in destroy block pos: BlockPos{x=0, y=0, z=0} BlockPos{x=-134, y=230, z=-260}
[22:40:40] [Server thread/WARN]: Mismatch in destroy block pos: BlockPos{x=0, y=0, z=0} BlockPos{x=-133, y=230, z=-259}
[22:40:40] [Server thread/WARN]: Mismatch in destroy block pos: BlockPos{x=0, y=0, z=0} BlockPos{x=-132, y=230, z=-259}
[22:40:40] [Server thread/WARN]: Mismatch in destroy block pos: BlockPos{x=0, y=0, z=0} BlockPos{x=-149, y=230, z=-258}
[22:40:40] [Server thread/WARN]: Mismatch in destroy block pos: BlockPos{x=0, y=0, z=0} BlockPos{x=-149, y=230, z=-259}
[22:40:41] [Server thread/WARN]: Mismatch in destroy block pos: BlockPos{x=0, y=0, z=0} BlockPos{x=-132, y=230, z=-258}
[22:40:41] [Server thread/WARN]: Mismatch in destroy block pos: BlockPos{x=0, y=0, z=0} BlockPos{x=-131, y=230, z=-258}
[22:40:41] [Server thread/WARN]: Mismatch in destroy block pos: BlockPos{x=0, y=0, z=0} BlockPos{x=-149, y=230, z=-260}
[22:40:41] [Server thread/WARN]: Mismatch in destroy block pos: BlockPos{x=0, y=0, z=0} BlockPos{x=-148, y=230, z=-260}
[22:40:41] [Server thread/WARN]: Mismatch in destroy block pos: BlockPos{x=0, y=0, z=0} BlockPos{x=-131, y=230, z=-257}
[22:40:41] [Server thread/WARN]: Mismatch in destroy block pos: BlockPos{x=0, y=0, z=0} BlockPos{x=-148, y=230, z=-260}
[22:40:41] [Server thread/WARN]: Mismatch in destroy block pos: BlockPos{x=0, y=0, z=0} BlockPos{x=-147, y=230, z=-260}
[22:40:41] [Server thread/WARN]: Mismatch in destroy block pos: BlockPos{x=0, y=0, z=0} BlockPos{x=-146, y=230, z=-260}
[22:40:41] [Server thread/WARN]: Mismatch in destroy block pos: BlockPos{x=0, y=0, z=0} BlockPos{x=-146, y=230, z=-259}
[22:40:42] [Server thread/WARN]: Mismatch in destroy block pos: BlockPos{x=0, y=0, z=0} BlockPos{x=-148, y=230, z=-261}
[22:40:42] [Server thread/WARN]: Mismatch in destroy block pos: BlockPos{x=0, y=0, z=0} BlockPos{x=-145, y=230, z=-258}
[22:40:42] [Server thread/WARN]: Mismatch in destroy block pos: BlockPos{x=0, y=0, z=0} BlockPos{x=-145, y=230, z=-257}
[22:40:42] [Server thread/WARN]: Mismatch in destroy block pos: BlockPos{x=0, y=0, z=0} BlockPos{x=-146, y=230, z=-257}
[22:40:42] [Server thread/WARN]: Mismatch in destroy block pos: BlockPos{x=0, y=0, z=0} BlockPos{x=-146, y=230, z=-258}
[22:40:42] [Server thread/WARN]: Mismatch in destroy block pos: BlockPos{x=0, y=0, z=0} BlockPos{x=-147, y=230, z=-258}
[22:40:44] [Server thread/INFO]: [Not Secure] <Nutria_gamer> tengo hambre we
[22:40:44] [Server thread/WARN]: Mismatch in destroy block pos: BlockPos{x=0, y=0, z=0} BlockPos{x=-143, y=230, z=-246}
[22:40:45] [Server thread/WARN]: Mismatch in destroy block pos: BlockPos{x=0, y=0, z=0} BlockPos{x=-141, y=230, z=-247}
[22:40:45] [Server thread/WARN]: Mismatch in destroy block pos: BlockPos{x=0, y=0, z=0} BlockPos{x=-133, y=230, z=-253}
[22:40:45] [Server thread/WARN]: Mismatch in destroy block pos: BlockPos{x=0, y=0, z=0} BlockPos{x=-144, y=231, z=-245}
[22:40:46] [Server thread/WARN]: Mismatch in destroy block pos: BlockPos{x=0, y=0, z=0} BlockPos{x=-133, y=230, z=-252}
[22:40:46] [Server thread/WARN]: Mismatch in destroy block pos: BlockPos{x=0, y=0, z=0} BlockPos{x=-132, y=230, z=-253}
[22:40:46] [Server thread/WARN]: Mismatch in destroy block pos: BlockPos{x=0, y=0, z=0} BlockPos{x=-132, y=230, z=-252}
[22:40:46] [Server thread/WARN]: Mismatch in destroy block pos: BlockPos{x=0, y=0, z=0} BlockPos{x=-133, y=230, z=-251}
[22:40:46] [Server thread/WARN]: Mismatch in destroy block pos: BlockPos{x=0, y=0, z=0} BlockPos{x=-133, y=230, z=-250}
[22:40:46] [Server thread/WARN]: Mismatch in destroy block pos: BlockPos{x=0, y=0, z=0} BlockPos{x=-134, y=230, z=-249}
[22:40:46] [Server thread/WARN]: Mismatch in destroy block pos: BlockPos{x=0, y=0, z=0} BlockPos{x=-135, y=230, z=-249}
[22:40:46] [Server thread/WARN]: Mismatch in destroy block pos: BlockPos{x=0, y=0, z=0} BlockPos{x=-135, y=230, z=-249}
[22:40:47] [Server thread/WARN]: Mismatch in destroy block pos: BlockPos{x=0, y=0, z=0} BlockPos{x=-136, y=230, z=-249}
[22:40:47] [Server thread/WARN]: Mismatch in destroy block pos: BlockPos{x=0, y=0, z=0} BlockPos{x=-137, y=230, z=-250}
[22:40:47] [Server thread/WARN]: Mismatch in destroy block pos: BlockPos{x=0, y=0, z=0} BlockPos{x=-138, y=230, z=-250}
[22:40:47] [Server thread/WARN]: Mismatch in destroy block pos: BlockPos{x=0, y=0, z=0} BlockPos{x=-138, y=230, z=-251}
[22:40:47] [Server thread/WARN]: Mismatch in destroy block pos: BlockPos{x=0, y=0, z=0} BlockPos{x=-137, y=230, z=-251}
[22:40:47] [Server thread/WARN]: Mismatch in destroy block pos: BlockPos{x=0, y=0, z=0} BlockPos{x=-138, y=230, z=-251}
[22:40:47] [Server thread/WARN]: Mismatch in destroy block pos: BlockPos{x=0, y=0, z=0} BlockPos{x=-139, y=230, z=-252}
[22:40:47] [Server thread/WARN]: Mismatch in destroy block pos: BlockPos{x=0, y=0, z=0} BlockPos{x=-138, y=230, z=-253}
[22:40:48] [Server thread/WARN]: Mismatch in destroy block pos: BlockPos{x=0, y=0, z=0} BlockPos{x=-138, y=230, z=-253}
[22:40:48] [Server thread/WARN]: Mismatch in destroy block pos: BlockPos{x=0, y=0, z=0} BlockPos{x=-130, y=231, z=-255}
[22:40:48] [Server thread/WARN]: Mismatch in destroy block pos: BlockPos{x=0, y=0, z=0} BlockPos{x=-138, y=230, z=-254}
[22:40:48] [Server thread/WARN]: Mismatch in destroy block pos: BlockPos{x=0, y=0, z=0} BlockPos{x=-137, y=230, z=-254}
[22:40:48] [Server thread/WARN]: Mismatch in destroy block pos: BlockPos{x=0, y=0, z=0} BlockPos{x=-137, y=230, z=-255}
[22:40:48] [Server thread/WARN]: Mismatch in destroy block pos: BlockPos{x=0, y=0, z=0} BlockPos{x=-136, y=230, z=-256}
[22:40:48] [Server thread/WARN]: Mismatch in destroy block pos: BlockPos{x=0, y=0, z=0} BlockPos{x=-135, y=230, z=-257}
[22:40:48] [Server thread/WARN]: Mismatch in destroy block pos: BlockPos{x=0, y=0, z=0} BlockPos{x=-135, y=230, z=-259}
[22:40:49] [Server thread/WARN]: Mismatch in destroy block pos: BlockPos{x=0, y=0, z=0} BlockPos{x=-133, y=230, z=-252}
[22:40:49] [Server thread/WARN]: Mismatch in destroy block pos: BlockPos{x=0, y=0, z=0} BlockPos{x=-133, y=230, z=-251}
[22:40:49] [Server thread/WARN]: Mismatch in destroy block pos: BlockPos{x=0, y=0, z=0} BlockPos{x=-139, y=232, z=-262}
[22:40:50] [Server thread/WARN]: Mismatch in destroy block pos: BlockPos{x=0, y=0, z=0} BlockPos{x=-141, y=230, z=-260}
[22:40:50] [Server thread/WARN]: Mismatch in destroy block pos: BlockPos{x=0, y=0, z=0} BlockPos{x=-143, y=230, z=-249}
[22:40:50] [Server thread/WARN]: Mismatch in destroy block pos: BlockPos{x=0, y=0, z=0} BlockPos{x=-142, y=230, z=-248}
[22:40:50] [Server thread/WARN]: Mismatch in destroy block pos: BlockPos{x=0, y=0, z=0} BlockPos{x=-141, y=230, z=-248}
[22:40:51] [Server thread/WARN]: Mismatch in destroy block pos: BlockPos{x=0, y=0, z=0} BlockPos{x=-138, y=234, z=-262}
[22:40:51] [Server thread/WARN]: Mismatch in destroy block pos: BlockPos{x=0, y=0, z=0} BlockPos{x=-138, y=234, z=-262}
[22:40:51] [Server thread/WARN]: Mismatch in destroy block pos: BlockPos{x=0, y=0, z=0} BlockPos{x=-138, y=234, z=-262}
[22:40:53] [Server thread/WARN]: Mismatch in destroy block pos: BlockPos{x=0, y=0, z=0} BlockPos{x=-138, y=234, z=-262}
[22:40:54] [Server thread/WARN]: Mismatch in destroy block pos: BlockPos{x=0, y=0, z=0} BlockPos{x=-138, y=234, z=-262}
[22:40:55] [Server thread/WARN]: Mismatch in destroy block pos: BlockPos{x=0, y=0, z=0} BlockPos{x=-144, y=230, z=-259}
[22:40:56] [Server thread/WARN]: Mismatch in destroy block pos: BlockPos{x=0, y=0, z=0} BlockPos{x=-138, y=234, z=-262}
[22:40:56] [Server thread/WARN]: Mismatch in destroy block pos: BlockPos{x=0, y=0, z=0} BlockPos{x=-138, y=234, z=-262}
[22:40:57] [Server thread/WARN]: Mismatch in destroy block pos: BlockPos{x=0, y=0, z=0} BlockPos{x=-138, y=234, z=-262}
[22:40:58] [Server thread/WARN]: Mismatch in destroy block pos: BlockPos{x=0, y=0, z=0} BlockPos{x=-142, y=230, z=-261}
[22:40:58] [Server thread/WARN]: Mismatch in destroy block pos: BlockPos{x=0, y=0, z=0} BlockPos{x=-140, y=230, z=-261}
[22:40:59] [Server thread/WARN]: Mismatch in destroy block pos: BlockPos{x=0, y=0, z=0} BlockPos{x=-139, y=230, z=-261}
[22:40:59] [Server thread/WARN]: Mismatch in destroy block pos: BlockPos{x=0, y=0, z=0} BlockPos{x=-139, y=230, z=-261}
[22:40:59] [Server thread/WARN]: Mismatch in destroy block pos: BlockPos{x=0, y=0, z=0} BlockPos{x=-138, y=230, z=-261}
[22:40:59] [Server thread/WARN]: Mismatch in destroy block pos: BlockPos{x=0, y=0, z=0} BlockPos{x=-138, y=230, z=-261}
[22:40:59] [Server thread/WARN]: Mismatch in destroy block pos: BlockPos{x=0, y=0, z=0} BlockPos{x=-137, y=230, z=-261}
[22:40:59] [Server thread/WARN]: Mismatch in destroy block pos: BlockPos{x=0, y=0, z=0} BlockPos{x=-132, y=230, z=-260}
[22:40:59] [Server thread/WARN]: Mismatch in destroy block pos: BlockPos{x=0, y=0, z=0} BlockPos{x=-131, y=230, z=-259}
[22:41:00] [Server thread/WARN]: Mismatch in destroy block pos: BlockPos{x=0, y=0, z=0} BlockPos{x=-130, y=231, z=-259}
[22:41:00] [Server thread/WARN]: Mismatch in destroy block pos: BlockPos{x=0, y=0, z=0} BlockPos{x=-130, y=232, z=-259}
[22:41:00] [Server thread/WARN]: Mismatch in destroy block pos: BlockPos{x=0, y=0, z=0} BlockPos{x=-130, y=232, z=-259}
[22:41:00] [Server thread/WARN]: Mismatch in destroy block pos: BlockPos{x=0, y=0, z=0} BlockPos{x=-130, y=231, z=-258}
[22:41:00] [Server thread/WARN]: Mismatch in destroy block pos: BlockPos{x=0, y=0, z=0} BlockPos{x=-131, y=230, z=-257}
[22:41:00] [Server thread/WARN]: Mismatch in destroy block pos: BlockPos{x=0, y=0, z=0} BlockPos{x=-132, y=230, z=-257}
[22:41:00] [Server thread/WARN]: Mismatch in destroy block pos: BlockPos{x=0, y=0, z=0} BlockPos{x=-134, y=230, z=-256}
[22:41:01] [Server thread/WARN]: Mismatch in destroy block pos: BlockPos{x=0, y=0, z=0} BlockPos{x=-133, y=230, z=-256}
[22:41:04] [Server thread/WARN]: Mismatch in destroy block pos: BlockPos{x=0, y=0, z=0} BlockPos{x=-149, y=230, z=-260}
[22:41:04] [Server thread/WARN]: Mismatch in destroy block pos: BlockPos{x=0, y=0, z=0} BlockPos{x=-150, y=230, z=-260}
[22:41:04] [Server thread/WARN]: Mismatch in destroy block pos: BlockPos{x=-183, y=101, z=52} BlockPos{x=-146, y=232, z=-262}
[22:41:04] [Server thread/WARN]: Mismatch in destroy block pos: BlockPos{x=0, y=0, z=0} BlockPos{x=-149, y=230, z=-260}
[22:41:05] [Server thread/WARN]: Mismatch in destroy block pos: BlockPos{x=0, y=0, z=0} BlockPos{x=-150, y=230, z=-260}
[22:41:05] [Server thread/WARN]: Mismatch in destroy block pos: BlockPos{x=0, y=0, z=0} BlockPos{x=-151, y=232, z=-260}
[22:41:06] [Server thread/WARN]: Mismatch in destroy block pos: BlockPos{x=-183, y=101, z=52} BlockPos{x=-148, y=231, z=-262}
[22:41:06] [Server thread/WARN]: Mismatch in destroy block pos: BlockPos{x=-183, y=101, z=52} BlockPos{x=-148, y=231, z=-262}
[22:41:06] [Server thread/WARN]: Mismatch in destroy block pos: BlockPos{x=0, y=0, z=0} BlockPos{x=-134, y=232, z=-245}
[22:41:07] [Server thread/WARN]: Mismatch in destroy block pos: BlockPos{x=0, y=0, z=0} BlockPos{x=-142, y=230, z=-251}
[22:41:07] [Server thread/WARN]: Mismatch in destroy block pos: BlockPos{x=0, y=0, z=0} BlockPos{x=-143, y=230, z=-257}
[22:41:07] [Server thread/WARN]: Mismatch in destroy block pos: BlockPos{x=0, y=0, z=0} BlockPos{x=-143, y=230, z=-258}
[22:41:08] [Server thread/INFO]: [[ADMIN] Thes912: Applied effect Saturation to 19 targets]
[22:41:08] [Server thread/WARN]: Mismatch in destroy block pos: BlockPos{x=0, y=0, z=0} BlockPos{x=-135, y=230, z=-261}
[22:41:09] [Server thread/WARN]: Mismatch in destroy block pos: BlockPos{x=0, y=0, z=0} BlockPos{x=-135, y=230, z=-261}
[22:41:09] [Server thread/WARN]: Mismatch in destroy block pos: BlockPos{x=0, y=0, z=0} BlockPos{x=-135, y=230, z=-261}
[22:41:09] [Server thread/WARN]: Mismatch in destroy block pos: BlockPos{x=0, y=0, z=0} BlockPos{x=-135, y=230, z=-261}
[22:41:09] [Server thread/WARN]: Mismatch in destroy block pos: BlockPos{x=0, y=0, z=0} BlockPos{x=-135, y=230, z=-261}
[22:41:10] [Server thread/WARN]: Mismatch in destroy block pos: BlockPos{x=0, y=0, z=0} BlockPos{x=-144, y=230, z=-256}
[22:41:11] [Server thread/WARN]: Mismatch in destroy block pos: BlockPos{x=0, y=0, z=0} BlockPos{x=-145, y=230, z=-256}
[22:41:11] [Server thread/WARN]: Mismatch in destroy block pos: BlockPos{x=0, y=0, z=0} BlockPos{x=-133, y=230, z=-259}
[22:41:11] [Server thread/WARN]: Mismatch in destroy block pos: BlockPos{x=0, y=0, z=0} BlockPos{x=-143, y=230, z=-256}
[22:41:14] [Server thread/WARN]: Mismatch in destroy block pos: BlockPos{x=0, y=0, z=0} BlockPos{x=-145, y=231, z=-245}
[22:41:14] [Server thread/WARN]: Mismatch in destroy block pos: BlockPos{x=0, y=0, z=0} BlockPos{x=-145, y=232, z=-245}
[22:41:20] [Server thread/WARN]: Mismatch in destroy block pos: BlockPos{x=0, y=0, z=0} BlockPos{x=-130, y=233, z=-261}
[22:41:23] [Server thread/INFO]: [Not Secure] <cosoduts> puto frank
[22:41:23] [Server thread/WARN]: Mismatch in destroy block pos: BlockPos{x=0, y=0, z=0} BlockPos{x=-145, y=230, z=-250}
[22:41:24] [Server thread/WARN]: Mismatch in destroy block pos: BlockPos{x=0, y=0, z=0} BlockPos{x=-151, y=232, z=-246}
[22:41:24] [Server thread/WARN]: Mismatch in destroy block pos: BlockPos{x=0, y=0, z=0} BlockPos{x=-150, y=231, z=-245}
[22:41:24] [Server thread/WARN]: Mismatch in destroy block pos: BlockPos{x=0, y=0, z=0} BlockPos{x=-147, y=230, z=-257}
[22:41:25] [Server thread/INFO]: [[ADMIN] Thes912: Added Frank38kyt to team [1]]
[22:41:25] [Server thread/INFO]: [Not Secure] <NovoaCol> admin deme manzana doradas encantadas
[22:41:25] [Server thread/WARN]: Mismatch in destroy block pos: BlockPos{x=0, y=0, z=0} BlockPos{x=-139, y=230, z=-258}
[22:41:26] [Server thread/WARN]: Mismatch in destroy block pos: BlockPos{x=0, y=0, z=0} BlockPos{x=-140, y=230, z=-258}
[22:41:26] [Server thread/WARN]: Mismatch in destroy block pos: BlockPos{x=0, y=0, z=0} BlockPos{x=-141, y=230, z=-260}
[22:41:26] [Server thread/WARN]: Mismatch in destroy block pos: BlockPos{x=0, y=0, z=0} BlockPos{x=-142, y=230, z=-257}
[22:41:27] [Server thread/WARN]: Mismatch in destroy block pos: BlockPos{x=0, y=0, z=0} BlockPos{x=-146, y=230, z=-258}
[22:41:27] [Server thread/WARN]: Mismatch in destroy block pos: BlockPos{x=0, y=0, z=0} BlockPos{x=-146, y=230, z=-257}
[22:41:27] [Server thread/WARN]: Mismatch in destroy block pos: BlockPos{x=0, y=0, z=0} BlockPos{x=-146, y=230, z=-256}
[22:41:27] [Server thread/WARN]: Mismatch in destroy block pos: BlockPos{x=0, y=0, z=0} BlockPos{x=-144, y=230, z=-257}
[22:41:27] [Server thread/WARN]: Mismatch in destroy block pos: BlockPos{x=0, y=0, z=0} BlockPos{x=-144, y=230, z=-257}
[22:41:27] [Server thread/WARN]: Mismatch in destroy block pos: BlockPos{x=0, y=0, z=0} BlockPos{x=-143, y=230, z=-257}
[22:41:28] [Server thread/WARN]: Mismatch in destroy block pos: BlockPos{x=0, y=0, z=0} BlockPos{x=-142, y=230, z=-257}
[22:41:28] [Server thread/WARN]: Mismatch in destroy block pos: BlockPos{x=0, y=0, z=0} BlockPos{x=-143, y=230, z=-258}
[22:41:30] [Server thread/INFO]: [Not Secure] <NovoaCol> es una orden
[22:41:31] [Server thread/WARN]: Mismatch in destroy block pos: BlockPos{x=-183, y=101, z=52} BlockPos{x=-132, y=232, z=-262}
[22:41:31] [Server thread/WARN]: Mismatch in destroy block pos: BlockPos{x=-183, y=101, z=52} BlockPos{x=-132, y=231, z=-262}
[22:41:31] [Server thread/INFO]: [Not Secure] <Frank38kyt> no tienes voice chat?
[22:41:32] [Server thread/WARN]: Mismatch in destroy block pos: BlockPos{x=0, y=0, z=0} BlockPos{x=-149, y=233, z=-245}
[22:41:33] [Server thread/WARN]: Mismatch in destroy block pos: BlockPos{x=0, y=0, z=0} BlockPos{x=-150, y=233, z=-245}
[22:41:33] [Server thread/WARN]: Mismatch in destroy block pos: BlockPos{x=0, y=0, z=0} BlockPos{x=-140, y=233, z=-262}
[22:41:33] [Server thread/WARN]: Mismatch in destroy block pos: BlockPos{x=-183, y=101, z=52} BlockPos{x=-133, y=231, z=-262}
[22:41:33] [Server thread/WARN]: Mismatch in destroy block pos: BlockPos{x=-183, y=101, z=52} BlockPos{x=-134, y=231, z=-262}
[22:41:37] [Server thread/WARN]: Mismatch in destroy block pos: BlockPos{x=0, y=0, z=0} BlockPos{x=-144, y=232, z=-245}
[22:41:37] [Server thread/WARN]: Mismatch in destroy block pos: BlockPos{x=0, y=0, z=0} BlockPos{x=-144, y=233, z=-245}
[22:41:37] [Server thread/WARN]: Mismatch in destroy block pos: BlockPos{x=0, y=0, z=0} BlockPos{x=-143, y=233, z=-245}
[22:41:38] [Server thread/WARN]: Mismatch in destroy block pos: BlockPos{x=0, y=0, z=0} BlockPos{x=-142, y=230, z=-248}
[22:41:38] [Server thread/WARN]: Mismatch in destroy block pos: BlockPos{x=0, y=0, z=0} BlockPos{x=-141, y=230, z=-249}
[22:41:38] [Server thread/WARN]: Mismatch in destroy block pos: BlockPos{x=0, y=0, z=0} BlockPos{x=-141, y=230, z=-250}
[22:41:38] [Server thread/WARN]: Mismatch in destroy block pos: BlockPos{x=0, y=0, z=0} BlockPos{x=-141, y=230, z=-250}
[22:41:38] [Server thread/WARN]: Mismatch in destroy block pos: BlockPos{x=0, y=0, z=0} BlockPos{x=-140, y=230, z=-251}
[22:41:38] [Server thread/WARN]: Mismatch in destroy block pos: BlockPos{x=0, y=0, z=0} BlockPos{x=-140, y=230, z=-254}
[22:41:39] [Server thread/WARN]: Mismatch in destroy block pos: BlockPos{x=0, y=0, z=0} BlockPos{x=-140, y=230, z=-254}
[22:41:39] [Server thread/WARN]: Mismatch in destroy block pos: BlockPos{x=0, y=0, z=0} BlockPos{x=-140, y=230, z=-254}
[22:41:39] [Server thread/WARN]: Mismatch in destroy block pos: BlockPos{x=0, y=0, z=0} BlockPos{x=-140, y=230, z=-253}
[22:41:39] [Server thread/WARN]: Mismatch in destroy block pos: BlockPos{x=0, y=0, z=0} BlockPos{x=-141, y=230, z=-256}
[22:41:39] [Server thread/WARN]: Mismatch in destroy block pos: BlockPos{x=0, y=0, z=0} BlockPos{x=-141, y=230, z=-254}
[22:41:39] [Server thread/WARN]: Mismatch in destroy block pos: BlockPos{x=0, y=0, z=0} BlockPos{x=-140, y=230, z=-254}
[22:41:39] [Server thread/WARN]: Mismatch in destroy block pos: BlockPos{x=0, y=0, z=0} BlockPos{x=-142, y=230, z=-257}
[22:41:39] [Server thread/WARN]: Mismatch in destroy block pos: BlockPos{x=0, y=0, z=0} BlockPos{x=-142, y=230, z=-258}
[22:41:40] [Server thread/WARN]: Mismatch in destroy block pos: BlockPos{x=0, y=0, z=0} BlockPos{x=-141, y=230, z=-259}
[22:41:40] [Server thread/WARN]: Mismatch in destroy block pos: BlockPos{x=0, y=0, z=0} BlockPos{x=-141, y=231, z=-262}
[22:41:40] [Server thread/WARN]: Mismatch in destroy block pos: BlockPos{x=0, y=0, z=0} BlockPos{x=-139, y=231, z=-262}
[22:41:40] [Server thread/WARN]: Mismatch in destroy block pos: BlockPos{x=0, y=0, z=0} BlockPos{x=-139, y=230, z=-260}
[22:41:40] [Server thread/INFO]: [Not Secure] <cosoduts> ño
[22:41:40] [Server thread/WARN]: Mismatch in destroy block pos: BlockPos{x=0, y=0, z=0} BlockPos{x=-137, y=231, z=-262}
[22:41:41] [Server thread/WARN]: Mismatch in destroy block pos: BlockPos{x=0, y=0, z=0} BlockPos{x=-136, y=230, z=-255}
[22:41:41] [Server thread/WARN]: Mismatch in destroy block pos: BlockPos{x=0, y=0, z=0} BlockPos{x=-134, y=230, z=-256}
[22:41:42] [Server thread/WARN]: Mismatch in destroy block pos: BlockPos{x=0, y=0, z=0} BlockPos{x=-135, y=230, z=-260}
[22:41:42] [Server thread/WARN]: Mismatch in destroy block pos: BlockPos{x=0, y=0, z=0} BlockPos{x=-131, y=230, z=-257}
[22:41:42] [Server thread/WARN]: Mismatch in destroy block pos: BlockPos{x=0, y=0, z=0} BlockPos{x=-132, y=230, z=-257}
[22:41:42] [Server thread/WARN]: Mismatch in destroy block pos: BlockPos{x=0, y=0, z=0} BlockPos{x=-133, y=230, z=-260}
[22:41:42] [Server thread/WARN]: Mismatch in destroy block pos: BlockPos{x=0, y=0, z=0} BlockPos{x=-131, y=230, z=-257}
[22:41:42] [Server thread/WARN]: Mismatch in destroy block pos: BlockPos{x=0, y=0, z=0} BlockPos{x=-138, y=231, z=-262}
[22:41:42] [Server thread/WARN]: Mismatch in destroy block pos: BlockPos{x=0, y=0, z=0} BlockPos{x=-130, y=231, z=-260}
[22:41:43] [Server thread/WARN]: Mismatch in destroy block pos: BlockPos{x=0, y=0, z=0} BlockPos{x=-130, y=232, z=-260}
[22:41:43] [Server thread/WARN]: Mismatch in destroy block pos: BlockPos{x=0, y=0, z=0} BlockPos{x=-130, y=233, z=-260}
[22:41:43] [Server thread/WARN]: Mismatch in destroy block pos: BlockPos{x=0, y=0, z=0} BlockPos{x=-130, y=232, z=-261}
[22:41:43] [Server thread/WARN]: Mismatch in destroy block pos: BlockPos{x=0, y=0, z=0} BlockPos{x=-131, y=232, z=-262}
[22:41:43] [Server thread/WARN]: Mismatch in destroy block pos: BlockPos{x=0, y=0, z=0} BlockPos{x=-132, y=231, z=-262}
[22:41:44] [Server thread/INFO]: [Not Secure] <Frank38kyt> pobre
[22:41:45] [Server thread/WARN]: Mismatch in destroy block pos: BlockPos{x=0, y=0, z=0} BlockPos{x=-140, y=230, z=-252}
[22:41:45] [Server thread/WARN]: Mismatch in destroy block pos: BlockPos{x=0, y=0, z=0} BlockPos{x=-140, y=230, z=-251}
[22:41:46] [Server thread/WARN]: Mismatch in destroy block pos: BlockPos{x=0, y=0, z=0} BlockPos{x=-142, y=231, z=-245}
[22:41:46] [Server thread/WARN]: Mismatch in destroy block pos: BlockPos{x=0, y=0, z=0} BlockPos{x=-142, y=230, z=-246}
[22:41:46] [Server thread/WARN]: Mismatch in destroy block pos: BlockPos{x=0, y=0, z=0} BlockPos{x=-142, y=231, z=-245}
[22:41:48] [Server thread/WARN]: Mismatch in destroy block pos: BlockPos{x=0, y=0, z=0} BlockPos{x=-151, y=231, z=-249}
[22:41:48] [Server thread/WARN]: Mismatch in destroy block pos: BlockPos{x=0, y=0, z=0} BlockPos{x=-150, y=230, z=-249}
[22:41:48] [Server thread/WARN]: Mismatch in destroy block pos: BlockPos{x=0, y=0, z=0} BlockPos{x=-151, y=231, z=-251}
[22:41:48] [Server thread/WARN]: Mismatch in destroy block pos: BlockPos{x=0, y=0, z=0} BlockPos{x=-151, y=231, z=-252}
[22:41:49] [Server thread/INFO]: [Not Secure] <cosoduts> perra
[22:41:51] [Server thread/WARN]: Mismatch in destroy block pos: BlockPos{x=0, y=0, z=0} BlockPos{x=-149, y=230, z=-246}
[22:41:51] [Server thread/WARN]: Mismatch in destroy block pos: BlockPos{x=0, y=0, z=0} BlockPos{x=-146, y=230, z=-253}
[22:41:51] [Server thread/WARN]: Mismatch in destroy block pos: BlockPos{x=0, y=0, z=0} BlockPos{x=-148, y=230, z=-248}
[22:41:52] [Server thread/WARN]: Mismatch in destroy block pos: BlockPos{x=0, y=0, z=0} BlockPos{x=-146, y=230, z=-250}
[22:41:53] [Server thread/WARN]: Mismatch in destroy block pos: BlockPos{x=0, y=0, z=0} BlockPos{x=-147, y=231, z=-262}
[22:41:53] [Server thread/WARN]: Mismatch in destroy block pos: BlockPos{x=0, y=0, z=0} BlockPos{x=-147, y=231, z=-262}
[22:41:53] [Server thread/WARN]: Mismatch in destroy block pos: BlockPos{x=0, y=0, z=0} BlockPos{x=-146, y=231, z=-262}
[22:41:55] [Server thread/INFO]: SulfurYT lost connection: Disconnected
[22:41:55] [Server thread/INFO]: SulfurYT left the game
[22:41:55] [Server thread/INFO]: [voicechat] Disconnecting client SulfurYT
[22:41:55] [Server thread/WARN]: Mismatch in destroy block pos: BlockPos{x=0, y=0, z=0} BlockPos{x=-142, y=230, z=-256}
[22:41:56] [Server thread/WARN]: Mismatch in destroy block pos: BlockPos{x=0, y=0, z=0} BlockPos{x=-145, y=230, z=-252}
[22:41:56] [Server thread/WARN]: Mismatch in destroy block pos: BlockPos{x=0, y=0, z=0} BlockPos{x=-144, y=230, z=-251}
[22:41:56] [Server thread/WARN]: Mismatch in destroy block pos: BlockPos{x=0, y=0, z=0} BlockPos{x=-142, y=230, z=-251}
[22:41:56] [Server thread/WARN]: Mismatch in destroy block pos: BlockPos{x=0, y=0, z=0} BlockPos{x=-146, y=230, z=-259}
[22:41:57] [Server thread/WARN]: Mismatch in destroy block pos: BlockPos{x=0, y=0, z=0} BlockPos{x=-139, y=234, z=-262}
[22:41:57] [Server thread/WARN]: Mismatch in destroy block pos: BlockPos{x=0, y=0, z=0} BlockPos{x=-145, y=230, z=-260}
[22:41:57] [Server thread/WARN]: Mismatch in destroy block pos: BlockPos{x=0, y=0, z=0} BlockPos{x=-145, y=230, z=-261}
[22:41:57] [Server thread/WARN]: Mismatch in destroy block pos: BlockPos{x=0, y=0, z=0} BlockPos{x=-144, y=230, z=-261}
[22:41:57] [Server thread/WARN]: Mismatch in destroy block pos: BlockPos{x=0, y=0, z=0} BlockPos{x=-144, y=231, z=-262}
[22:41:57] [Server thread/WARN]: Mismatch in destroy block pos: BlockPos{x=0, y=0, z=0} BlockPos{x=-144, y=232, z=-262}
[22:41:57] [Server thread/WARN]: Mismatch in destroy block pos: BlockPos{x=0, y=0, z=0} BlockPos{x=-144, y=231, z=-262}
[22:41:57] [Server thread/WARN]: Mismatch in destroy block pos: BlockPos{x=0, y=0, z=0} BlockPos{x=-143, y=231, z=-262}
[22:41:57] [Server thread/WARN]: Mismatch in destroy block pos: BlockPos{x=0, y=0, z=0} BlockPos{x=-143, y=230, z=-261}
[22:41:58] [Server thread/WARN]: Mismatch in destroy block pos: BlockPos{x=0, y=0, z=0} BlockPos{x=-143, y=231, z=-262}
[22:41:58] [Server thread/WARN]: Mismatch in destroy block pos: BlockPos{x=0, y=0, z=0} BlockPos{x=-142, y=231, z=-262}
[22:41:58] [Server thread/WARN]: Mismatch in destroy block pos: BlockPos{x=0, y=0, z=0} BlockPos{x=-142, y=232, z=-262}
[22:41:58] [Server thread/WARN]: Mismatch in destroy block pos: BlockPos{x=0, y=0, z=0} BlockPos{x=-142, y=231, z=-262}
[22:41:58] [Server thread/WARN]: Mismatch in destroy block pos: BlockPos{x=0, y=0, z=0} BlockPos{x=-141, y=230, z=-261}
[22:41:58] [Server thread/WARN]: Mismatch in destroy block pos: BlockPos{x=0, y=0, z=0} BlockPos{x=-140, y=230, z=-261}
[22:41:58] [Server thread/WARN]: Mismatch in destroy block pos: BlockPos{x=0, y=0, z=0} BlockPos{x=-140, y=230, z=-260}
[22:41:58] [Server thread/WARN]: Mismatch in destroy block pos: BlockPos{x=0, y=0, z=0} BlockPos{x=-141, y=230, z=-260}
[22:41:58] [Server thread/WARN]: Mismatch in destroy block pos: BlockPos{x=0, y=0, z=0} BlockPos{x=-140, y=230, z=-260}
[22:41:58] [Server thread/WARN]: Mismatch in destroy block pos: BlockPos{x=0, y=0, z=0} BlockPos{x=-140, y=230, z=-259}
[22:41:58] [Server thread/WARN]: Mismatch in destroy block pos: BlockPos{x=0, y=0, z=0} BlockPos{x=-139, y=230, z=-259}
[22:41:58] [Server thread/WARN]: Mismatch in destroy block pos: BlockPos{x=0, y=0, z=0} BlockPos{x=-139, y=230, z=-258}
[22:41:59] [Server thread/WARN]: Mismatch in destroy block pos: BlockPos{x=0, y=0, z=0} BlockPos{x=-138, y=230, z=-258}
[22:41:59] [Server thread/WARN]: Mismatch in destroy block pos: BlockPos{x=0, y=0, z=0} BlockPos{x=-138, y=230, z=-257}
[22:41:59] [Server thread/WARN]: Mismatch in destroy block pos: BlockPos{x=0, y=0, z=0} BlockPos{x=-139, y=233, z=-262}
[22:41:59] [Server thread/WARN]: Mismatch in destroy block pos: BlockPos{x=0, y=0, z=0} BlockPos{x=-137, y=230, z=-257}
[22:41:59] [Server thread/WARN]: Mismatch in destroy block pos: BlockPos{x=0, y=0, z=0} BlockPos{x=-137, y=230, z=-256}
[22:41:59] [Server thread/WARN]: Mismatch in destroy block pos: BlockPos{x=0, y=0, z=0} BlockPos{x=-136, y=230, z=-256}
[22:41:59] [Server thread/WARN]: Mismatch in destroy block pos: BlockPos{x=0, y=0, z=0} BlockPos{x=-136, y=230, z=-255}
[22:41:59] [Server thread/WARN]: Mismatch in destroy block pos: BlockPos{x=0, y=0, z=0} BlockPos{x=-135, y=230, z=-254}
[22:41:59] [Server thread/WARN]: Mismatch in destroy block pos: BlockPos{x=0, y=0, z=0} BlockPos{x=-135, y=230, z=-253}
[22:41:59] [Server thread/WARN]: Mismatch in destroy block pos: BlockPos{x=0, y=0, z=0} BlockPos{x=-134, y=230, z=-253}
[22:42:00] [Server thread/WARN]: Mismatch in destroy block pos: BlockPos{x=0, y=0, z=0} BlockPos{x=-134, y=230, z=-252}
[22:42:00] [Server thread/WARN]: Mismatch in destroy block pos: BlockPos{x=0, y=0, z=0} BlockPos{x=-133, y=230, z=-252}
[22:42:00] [Server thread/WARN]: Mismatch in destroy block pos: BlockPos{x=0, y=0, z=0} BlockPos{x=-133, y=230, z=-251}
[22:42:00] [Server thread/WARN]: Mismatch in destroy block pos: BlockPos{x=0, y=0, z=0} BlockPos{x=-132, y=230, z=-251}
[22:42:00] [Server thread/WARN]: Mismatch in destroy block pos: BlockPos{x=0, y=0, z=0} BlockPos{x=-132, y=230, z=-250}
[22:42:00] [Server thread/WARN]: Mismatch in destroy block pos: BlockPos{x=0, y=0, z=0} BlockPos{x=-131, y=230, z=-250}
[22:42:01] [Server thread/WARN]: Mismatch in destroy block pos: BlockPos{x=0, y=0, z=0} BlockPos{x=-132, y=230, z=-250}
[22:42:01] [Server thread/WARN]: Mismatch in destroy block pos: BlockPos{x=0, y=0, z=0} BlockPos{x=-133, y=230, z=-250}
[22:42:01] [Server thread/WARN]: Mismatch in destroy block pos: BlockPos{x=0, y=0, z=0} BlockPos{x=-134, y=230, z=-250}
[22:42:01] [Server thread/WARN]: Mismatch in destroy block pos: BlockPos{x=0, y=0, z=0} BlockPos{x=-135, y=230, z=-250}
[22:42:01] [Server thread/WARN]: Mismatch in destroy block pos: BlockPos{x=0, y=0, z=0} BlockPos{x=-136, y=230, z=-250}
[22:42:02] [Server thread/WARN]: Mismatch in destroy block pos: BlockPos{x=0, y=0, z=0} BlockPos{x=-137, y=230, z=-251}
[22:42:02] [Server thread/WARN]: Mismatch in destroy block pos: BlockPos{x=0, y=0, z=0} BlockPos{x=-138, y=230, z=-251}
[22:42:02] [Server thread/WARN]: Mismatch in destroy block pos: BlockPos{x=0, y=0, z=0} BlockPos{x=-139, y=230, z=-251}
[22:42:02] [Server thread/WARN]: Mismatch in destroy block pos: BlockPos{x=0, y=0, z=0} BlockPos{x=-140, y=230, z=-251}
[22:42:02] [Server thread/WARN]: Mismatch in destroy block pos: BlockPos{x=0, y=0, z=0} BlockPos{x=-143, y=230, z=-256}
[22:42:02] [Server thread/WARN]: Mismatch in destroy block pos: BlockPos{x=0, y=0, z=0} BlockPos{x=-141, y=230, z=-251}
[22:42:02] [Server thread/WARN]: Mismatch in destroy block pos: BlockPos{x=0, y=0, z=0} BlockPos{x=-142, y=230, z=-251}
[22:42:02] [Server thread/WARN]: Mismatch in destroy block pos: BlockPos{x=0, y=0, z=0} BlockPos{x=-143, y=230, z=-256}
[22:42:02] [Server thread/WARN]: Mismatch in destroy block pos: BlockPos{x=0, y=0, z=0} BlockPos{x=-143, y=230, z=-251}
[22:42:03] [Server thread/WARN]: Mismatch in destroy block pos: BlockPos{x=0, y=0, z=0} BlockPos{x=-143, y=230, z=-256}
[22:42:03] [Server thread/WARN]: Mismatch in destroy block pos: BlockPos{x=0, y=0, z=0} BlockPos{x=-144, y=230, z=-251}
[22:42:03] [Server thread/WARN]: Mismatch in destroy block pos: BlockPos{x=0, y=0, z=0} BlockPos{x=-143, y=230, z=-257}
[22:42:03] [Server thread/WARN]: Mismatch in destroy block pos: BlockPos{x=0, y=0, z=0} BlockPos{x=-145, y=230, z=-251}
[22:42:03] [Server thread/WARN]: Mismatch in destroy block pos: BlockPos{x=0, y=0, z=0} BlockPos{x=-143, y=230, z=-256}
[22:42:03] [Server thread/WARN]: Mismatch in destroy block pos: BlockPos{x=0, y=0, z=0} BlockPos{x=-146, y=230, z=-251}
[22:42:03] [Server thread/WARN]: Mismatch in destroy block pos: BlockPos{x=0, y=0, z=0} BlockPos{x=-147, y=230, z=-251}
[22:42:03] [Server thread/INFO]: [Not Secure] <cosoduts> me da un apereza descargar eso mano JSJJSJS
[22:42:03] [Server thread/WARN]: Mismatch in destroy block pos: BlockPos{x=0, y=0, z=0} BlockPos{x=-147, y=230, z=-252}
[22:42:03] [Server thread/WARN]: Mismatch in destroy block pos: BlockPos{x=0, y=0, z=0} BlockPos{x=-148, y=230, z=-252}
[22:42:04] [Server thread/WARN]: Mismatch in destroy block pos: BlockPos{x=0, y=0, z=0} BlockPos{x=-148, y=230, z=-253}
[22:42:04] [Server thread/WARN]: Mismatch in destroy block pos: BlockPos{x=0, y=0, z=0} BlockPos{x=-148, y=230, z=-254}
[22:42:04] [Server thread/WARN]: Mismatch in destroy block pos: BlockPos{x=0, y=0, z=0} BlockPos{x=-148, y=230, z=-255}
[22:42:04] [Server thread/WARN]: Mismatch in destroy block pos: BlockPos{x=0, y=0, z=0} BlockPos{x=-149, y=230, z=-255}
[22:42:04] [Server thread/WARN]: Mismatch in destroy block pos: BlockPos{x=0, y=0, z=0} BlockPos{x=-149, y=230, z=-256}
[22:42:04] [Server thread/WARN]: Mismatch in destroy block pos: BlockPos{x=0, y=0, z=0} BlockPos{x=-148, y=230, z=-256}
[22:42:04] [Server thread/WARN]: Mismatch in destroy block pos: BlockPos{x=0, y=0, z=0} BlockPos{x=-147, y=230, z=-257}
[22:42:04] [Server thread/WARN]: Mismatch in destroy block pos: BlockPos{x=0, y=0, z=0} BlockPos{x=-147, y=230, z=-258}
[22:42:04] [Server thread/WARN]: Mismatch in destroy block pos: BlockPos{x=0, y=0, z=0} BlockPos{x=-146, y=230, z=-258}
[22:42:05] [Server thread/WARN]: Mismatch in destroy block pos: BlockPos{x=0, y=0, z=0} BlockPos{x=-147, y=230, z=-258}
[22:42:05] [Server thread/WARN]: Mismatch in destroy block pos: BlockPos{x=0, y=0, z=0} BlockPos{x=-147, y=230, z=-259}
[22:42:05] [Server thread/WARN]: Mismatch in destroy block pos: BlockPos{x=0, y=0, z=0} BlockPos{x=-146, y=230, z=-259}
[22:42:05] [Server thread/WARN]: Mismatch in destroy block pos: BlockPos{x=0, y=0, z=0} BlockPos{x=-145, y=230, z=-252}
[22:42:05] [Server thread/WARN]: Mismatch in destroy block pos: BlockPos{x=0, y=0, z=0} BlockPos{x=-145, y=230, z=-253}
[22:42:05] [Server thread/WARN]: Mismatch in destroy block pos: BlockPos{x=0, y=0, z=0} BlockPos{x=-145, y=230, z=-259}
[22:42:05] [Server thread/WARN]: Mismatch in destroy block pos: BlockPos{x=0, y=0, z=0} BlockPos{x=-144, y=230, z=-259}
[22:42:05] [Server thread/WARN]: Mismatch in destroy block pos: BlockPos{x=0, y=0, z=0} BlockPos{x=-147, y=230, z=-257}
[22:42:05] [Server thread/WARN]: Mismatch in destroy block pos: BlockPos{x=0, y=0, z=0} BlockPos{x=-143, y=230, z=-260}
[22:42:05] [Server thread/WARN]: Mismatch in destroy block pos: BlockPos{x=0, y=0, z=0} BlockPos{x=-142, y=230, z=-260}
[22:42:05] [Server thread/WARN]: Mismatch in destroy block pos: BlockPos{x=0, y=0, z=0} BlockPos{x=-141, y=230, z=-260}
[22:42:06] [Server thread/WARN]: Mismatch in destroy block pos: BlockPos{x=0, y=0, z=0} BlockPos{x=-140, y=230, z=-260}
[22:42:06] [Server thread/WARN]: Mismatch in destroy block pos: BlockPos{x=0, y=0, z=0} BlockPos{x=-139, y=230, z=-261}
[22:42:06] [Server thread/WARN]: Mismatch in destroy block pos: BlockPos{x=0, y=0, z=0} BlockPos{x=-144, y=231, z=-245}
[22:42:06] [Server thread/WARN]: Mismatch in destroy block pos: BlockPos{x=0, y=0, z=0} BlockPos{x=-138, y=230, z=-261}
[22:42:06] [Server thread/WARN]: Mismatch in destroy block pos: BlockPos{x=0, y=0, z=0} BlockPos{x=-144, y=231, z=-245}
[22:42:06] [Server thread/WARN]: Mismatch in destroy block pos: BlockPos{x=0, y=0, z=0} BlockPos{x=-144, y=232, z=-245}
[22:42:06] [Server thread/WARN]: Mismatch in destroy block pos: BlockPos{x=0, y=0, z=0} BlockPos{x=-137, y=230, z=-261}
[22:42:06] [Server thread/WARN]: Mismatch in destroy block pos: BlockPos{x=0, y=0, z=0} BlockPos{x=-144, y=232, z=-245}
[22:42:06] [Server thread/WARN]: Mismatch in destroy block pos: BlockPos{x=0, y=0, z=0} BlockPos{x=-144, y=232, z=-245}
[22:42:06] [Server thread/WARN]: Mismatch in destroy block pos: BlockPos{x=0, y=0, z=0} BlockPos{x=-136, y=230, z=-261}
[22:42:06] [Server thread/WARN]: Mismatch in destroy block pos: BlockPos{x=0, y=0, z=0} BlockPos{x=-144, y=232, z=-245}
[22:42:06] [Server thread/WARN]: Mismatch in destroy block pos: BlockPos{x=0, y=0, z=0} BlockPos{x=-135, y=230, z=-261}
[22:42:07] [Server thread/WARN]: Mismatch in destroy block pos: BlockPos{x=0, y=0, z=0} BlockPos{x=-144, y=232, z=-245}
[22:42:07] [Server thread/WARN]: Mismatch in destroy block pos: BlockPos{x=0, y=0, z=0} BlockPos{x=-134, y=230, z=-261}
[22:42:07] [Server thread/WARN]: Mismatch in destroy block pos: BlockPos{x=0, y=0, z=0} BlockPos{x=-144, y=232, z=-245}
[22:42:07] [Server thread/WARN]: Mismatch in destroy block pos: BlockPos{x=0, y=0, z=0} BlockPos{x=-144, y=232, z=-245}
[22:42:07] [Server thread/WARN]: Mismatch in destroy block pos: BlockPos{x=0, y=0, z=0} BlockPos{x=-133, y=230, z=-261}
[22:42:07] [Server thread/WARN]: Mismatch in destroy block pos: BlockPos{x=0, y=0, z=0} BlockPos{x=-144, y=230, z=-246}
[22:42:07] [Server thread/WARN]: Mismatch in destroy block pos: BlockPos{x=0, y=0, z=0} BlockPos{x=-132, y=230, z=-261}
[22:42:07] [Server thread/WARN]: Mismatch in destroy block pos: BlockPos{x=0, y=0, z=0} BlockPos{x=-131, y=230, z=-260}
[22:42:07] [Server thread/WARN]: Mismatch in destroy block pos: BlockPos{x=0, y=0, z=0} BlockPos{x=-144, y=230, z=-246}
[22:42:07] [Server thread/WARN]: Mismatch in destroy block pos: BlockPos{x=0, y=0, z=0} BlockPos{x=-131, y=230, z=-259}
[22:42:07] [Server thread/WARN]: Mismatch in destroy block pos: BlockPos{x=0, y=0, z=0} BlockPos{x=-131, y=230, z=-258}
[22:42:08] [Server thread/WARN]: Mismatch in destroy block pos: BlockPos{x=0, y=0, z=0} BlockPos{x=-144, y=230, z=-246}
[22:42:08] [Server thread/WARN]: Mismatch in destroy block pos: BlockPos{x=0, y=0, z=0} BlockPos{x=-131, y=230, z=-259}
[22:42:08] [Server thread/WARN]: Mismatch in destroy block pos: BlockPos{x=0, y=0, z=0} BlockPos{x=-144, y=230, z=-246}
[22:42:08] [Server thread/WARN]: Mismatch in destroy block pos: BlockPos{x=0, y=0, z=0} BlockPos{x=-131, y=230, z=-258}
[22:42:08] [Server thread/WARN]: Mismatch in destroy block pos: BlockPos{x=0, y=0, z=0} BlockPos{x=-131, y=230, z=-257}
[22:42:08] [Server thread/INFO]: [[ADMIN] Thes912: Added [LOS 554] SlitoMC to team [1]]
[22:42:08] [Server thread/WARN]: Mismatch in destroy block pos: BlockPos{x=0, y=0, z=0} BlockPos{x=-131, y=230, z=-256}
[22:42:08] [Server thread/WARN]: Mismatch in destroy block pos: BlockPos{x=0, y=0, z=0} BlockPos{x=-145, y=230, z=-246}
[22:42:08] [Server thread/WARN]: Mismatch in destroy block pos: BlockPos{x=0, y=0, z=0} BlockPos{x=-131, y=230, z=-255}
[22:42:08] [Server thread/WARN]: Mismatch in destroy block pos: BlockPos{x=0, y=0, z=0} BlockPos{x=-145, y=230, z=-246}
[22:42:08] [Server thread/WARN]: Mismatch in destroy block pos: BlockPos{x=0, y=0, z=0} BlockPos{x=-132, y=230, z=-254}
[22:42:08] [Server thread/WARN]: Mismatch in destroy block pos: BlockPos{x=0, y=0, z=0} BlockPos{x=-132, y=230, z=-253}
[22:42:08] [Server thread/WARN]: Mismatch in destroy block pos: BlockPos{x=0, y=0, z=0} BlockPos{x=-145, y=230, z=-246}
[22:42:09] [Server thread/ERROR]: Failed to set skin 'ely.by:Luzgama'
java.util.concurrent.CompletionException: no profile with name luzgama
	at java.base/java.util.concurrent.CompletableFuture.wrapInCompletionException(CompletableFuture.java:323)
	at java.base/java.util.concurrent.CompletableFuture.encodeThrowable(CompletableFuture.java:359)
	at java.base/java.util.concurrent.CompletableFuture.completeThrowable(CompletableFuture.java:364)
	at java.base/java.util.concurrent.CompletableFuture$UniApply.tryFire(CompletableFuture.java:670)
	at java.base/java.util.concurrent.CompletableFuture$Completion.run(CompletableFuture.java:503)
	at knot//net.minecraft.server.TickTask.run(TickTask.java:18)
	at knot//net.minecraft.util.thread.BlockableEventLoop.doRunTask(BlockableEventLoop.java:173)
	at knot//net.minecraft.util.thread.ReentrantBlockableEventLoop.doRunTask(ReentrantBlockableEventLoop.java:23)
	at knot//net.minecraft.server.MinecraftServer.doRunTask(MinecraftServer.java:934)
	at knot//net.minecraft.server.MinecraftServer.doRunTask(MinecraftServer.java:197)
	at knot//net.minecraft.util.thread.BlockableEventLoop.pollTask(BlockableEventLoop.java:147)
	at knot//net.minecraft.server.MinecraftServer.pollTaskInternal(MinecraftServer.java:916)
	at knot//net.minecraft.server.MinecraftServer.pollTask(MinecraftServer.java:910)
	at knot//net.minecraft.util.thread.BlockableEventLoop.managedBlock(BlockableEventLoop.java:156)
	at knot//net.minecraft.server.MinecraftServer.waitUntilNextTick(MinecraftServer.java:881)
	at knot//net.minecraft.server.MinecraftServer.runServer(MinecraftServer.java:780)
	at knot//net.minecraft.server.MinecraftServer.lambda$spin$0(MinecraftServer.java:321)
	at java.base/java.lang.Thread.run(Thread.java:1474)
Caused by: net.lionarius.skinrestorer.exception.TransparentException: no profile with name luzgama
	at knot//net.lionarius.skinrestorer.skin.SkinService.lambda$setSkinAsync$2(SkinService.java:74)
	at java.base/java.util.concurrent.CompletableFuture$UniApply.tryFire(CompletableFuture.java:667)
	... 14 more
Caused by: java.lang.IllegalArgumentException: no profile with name luzgama
	at knot//net.lionarius.skinrestorer.skin.provider.builtin.ElyBySkinProvider.getElyByProfile(ElyBySkinProvider.java:64)
	at knot//net.lionarius.skinrestorer.skin.provider.builtin.ElyBySkinProvider.loadSkin(ElyBySkinProvider.java:49)
	at knot//net.lionarius.skinrestorer.skin.provider.builtin.ElyBySkinProvider.loadSkin(ElyBySkinProvider.java:19)
	at knot//net.lionarius.skinrestorer.skin.provider.base.AbstractSkinProvider$1.load(AbstractSkinProvider.java:42)
	at knot//net.lionarius.skinrestorer.skin.provider.base.AbstractSkinProvider$1.load(AbstractSkinProvider.java:39)
	at knot//com.google.common.cache.LocalCache$LoadingValueReference.loadFuture(LocalCache.java:3556)
	at knot//com.google.common.cache.LocalCache$Segment.loadSync(LocalCache.java:2307)
	at knot//com.google.common.cache.LocalCache$Segment.lockedGetOrLoad(LocalCache.java:2180)
	at knot//com.google.common.cache.LocalCache$Segment.get(LocalCache.java:2071)
	at knot//com.google.common.cache.LocalCache.get(LocalCache.java:3985)
	at knot//com.google.common.cache.LocalCache.getOrLoad(LocalCache.java:4006)
	at knot//com.google.common.cache.LocalCache$LocalLoadingCache.get(LocalCache.java:4946)
	at knot//net.lionarius.skinrestorer.skin.provider.base.AbstractSkinProvider.fetchSkin(AbstractSkinProvider.java:52)
	at knot//net.lionarius.skinrestorer.skin.SkinService.lambda$setSkinAsync$1(SkinService.java:64)
	at java.base/java.util.Optional.map(Optional.java:260)
	at knot//net.lionarius.skinrestorer.skin.SkinService.lambda$setSkinAsync$0(SkinService.java:64)
	at java.base/java.util.concurrent.CompletableFuture$AsyncSupply.run(CompletableFuture.java:1789)
	at java.base/java.util.concurrent.ThreadPoolExecutor.runWorker(ThreadPoolExecutor.java:1090)
	at java.base/java.util.concurrent.ThreadPoolExecutor$Worker.run(ThreadPoolExecutor.java:614)
	... 1 more
[22:42:09] [Server thread/WARN]: Mismatch in destroy block pos: BlockPos{x=0, y=0, z=0} BlockPos{x=-145, y=230, z=-246}
[22:42:09] [Server thread/WARN]: Mismatch in destroy block pos: BlockPos{x=0, y=0, z=0} BlockPos{x=-132, y=230, z=-252}
[22:42:09] [Server thread/WARN]: Mismatch in destroy block pos: BlockPos{x=0, y=0, z=0} BlockPos{x=-133, y=230, z=-251}
[22:42:09] [Server thread/WARN]: Mismatch in destroy block pos: BlockPos{x=0, y=0, z=0} BlockPos{x=-134, y=230, z=-250}
[22:42:09] [Server thread/WARN]: Mismatch in destroy block pos: BlockPos{x=0, y=0, z=0} BlockPos{x=-135, y=230, z=-250}
[22:42:10] [Server thread/WARN]: Mismatch in destroy block pos: BlockPos{x=0, y=0, z=0} BlockPos{x=-136, y=230, z=-249}
[22:42:10] [Server thread/WARN]: Mismatch in destroy block pos: BlockPos{x=0, y=0, z=0} BlockPos{x=-137, y=230, z=-249}
[22:42:10] [Server thread/WARN]: Mismatch in destroy block pos: BlockPos{x=0, y=0, z=0} BlockPos{x=-138, y=230, z=-249}
[22:42:10] [Server thread/WARN]: Mismatch in destroy block pos: BlockPos{x=0, y=0, z=0} BlockPos{x=-145, y=231, z=-245}
[22:42:10] [Server thread/WARN]: Mismatch in destroy block pos: BlockPos{x=0, y=0, z=0} BlockPos{x=-139, y=230, z=-249}
[22:42:10] [Server thread/WARN]: Mismatch in destroy block pos: BlockPos{x=0, y=0, z=0} BlockPos{x=-140, y=230, z=-249}
[22:42:10] [Server thread/WARN]: Mismatch in destroy block pos: BlockPos{x=0, y=0, z=0} BlockPos{x=-141, y=230, z=-249}
[22:42:10] [Server thread/WARN]: Mismatch in destroy block pos: BlockPos{x=0, y=0, z=0} BlockPos{x=-142, y=230, z=-248}
[22:42:11] [Server thread/WARN]: Mismatch in destroy block pos: BlockPos{x=0, y=0, z=0} BlockPos{x=-143, y=230, z=-248}
[22:42:11] [Server thread/WARN]: Mismatch in destroy block pos: BlockPos{x=0, y=0, z=0} BlockPos{x=-144, y=230, z=-248}
[22:42:11] [Server thread/WARN]: Mismatch in destroy block pos: BlockPos{x=0, y=0, z=0} BlockPos{x=-145, y=230, z=-248}
[22:42:11] [Server thread/WARN]: Mismatch in destroy block pos: BlockPos{x=0, y=0, z=0} BlockPos{x=-146, y=230, z=-248}
[22:42:11] [Server thread/WARN]: Mismatch in destroy block pos: BlockPos{x=0, y=0, z=0} BlockPos{x=-145, y=231, z=-245}
[22:42:11] [Server thread/WARN]: Mismatch in destroy block pos: BlockPos{x=0, y=0, z=0} BlockPos{x=-130, y=233, z=-260}
[22:42:11] [Server thread/WARN]: Mismatch in destroy block pos: BlockPos{x=0, y=0, z=0} BlockPos{x=-130, y=233, z=-261}
[22:42:11] [Server thread/WARN]: Mismatch in destroy block pos: BlockPos{x=0, y=0, z=0} BlockPos{x=-147, y=230, z=-248}
[22:42:11] [Server thread/WARN]: Mismatch in destroy block pos: BlockPos{x=0, y=0, z=0} BlockPos{x=-148, y=230, z=-248}
[22:42:11] [Server thread/WARN]: Mismatch in destroy block pos: BlockPos{x=0, y=0, z=0} BlockPos{x=-130, y=232, z=-261}
[22:42:11] [Server thread/WARN]: Mismatch in destroy block pos: BlockPos{x=0, y=0, z=0} BlockPos{x=-149, y=230, z=-248}
[22:42:12] [Server thread/WARN]: Mismatch in destroy block pos: BlockPos{x=0, y=0, z=0} BlockPos{x=-131, y=232, z=-262}
[22:42:12] [Server thread/WARN]: Mismatch in destroy block pos: BlockPos{x=0, y=0, z=0} BlockPos{x=-150, y=230, z=-248}
[22:42:12] [Server thread/WARN]: Mismatch in destroy block pos: BlockPos{x=0, y=0, z=0} BlockPos{x=-131, y=233, z=-262}
[22:42:12] [Server thread/WARN]: Mismatch in destroy block pos: BlockPos{x=0, y=0, z=0} BlockPos{x=-151, y=231, z=-248}
[22:42:12] [Server thread/WARN]: Mismatch in destroy block pos: BlockPos{x=0, y=0, z=0} BlockPos{x=-151, y=232, z=-248}
[22:42:12] [Server thread/WARN]: Mismatch in destroy block pos: BlockPos{x=0, y=0, z=0} BlockPos{x=-151, y=233, z=-248}
[22:42:12] [Server thread/WARN]: Mismatch in destroy block pos: BlockPos{x=0, y=0, z=0} BlockPos{x=-151, y=233, z=-247}
[22:42:12] [Server thread/WARN]: Mismatch in destroy block pos: BlockPos{x=0, y=0, z=0} BlockPos{x=-151, y=232, z=-247}
[22:42:12] [Server thread/WARN]: Mismatch in destroy block pos: BlockPos{x=0, y=0, z=0} BlockPos{x=-150, y=230, z=-246}
[22:42:12] [Server thread/WARN]: Mismatch in destroy block pos: BlockPos{x=0, y=0, z=0} BlockPos{x=-148, y=230, z=-247}
[22:42:12] [Server thread/WARN]: Mismatch in destroy block pos: BlockPos{x=0, y=0, z=0} BlockPos{x=-148, y=230, z=-246}
[22:42:13] [Server thread/WARN]: Mismatch in destroy block pos: BlockPos{x=0, y=0, z=0} BlockPos{x=-147, y=230, z=-246}
[22:42:13] [Server thread/WARN]: Mismatch in destroy block pos: BlockPos{x=0, y=0, z=0} BlockPos{x=-146, y=230, z=-246}
[22:42:13] [Server thread/WARN]: Mismatch in destroy block pos: BlockPos{x=0, y=0, z=0} BlockPos{x=-145, y=230, z=-246}
[22:42:13] [Server thread/WARN]: Mismatch in destroy block pos: BlockPos{x=0, y=0, z=0} BlockPos{x=-142, y=230, z=-246}
[22:42:13] [Server thread/WARN]: Mismatch in destroy block pos: BlockPos{x=0, y=0, z=0} BlockPos{x=-131, y=230, z=-252}
[22:42:13] [Server thread/WARN]: Mismatch in destroy block pos: BlockPos{x=0, y=0, z=0} BlockPos{x=-130, y=231, z=-252}
[22:42:13] [Server thread/WARN]: Mismatch in destroy block pos: BlockPos{x=0, y=0, z=0} BlockPos{x=-142, y=230, z=-247}
[22:42:13] [Server thread/WARN]: Mismatch in destroy block pos: BlockPos{x=0, y=0, z=0} BlockPos{x=-139, y=234, z=-262}
[22:42:13] [Server thread/WARN]: Mismatch in destroy block pos: BlockPos{x=0, y=0, z=0} BlockPos{x=-130, y=232, z=-252}
[22:42:14] [Server thread/WARN]: Mismatch in destroy block pos: BlockPos{x=0, y=0, z=0} BlockPos{x=-141, y=230, z=-247}
[22:42:14] [Server thread/WARN]: Mismatch in destroy block pos: BlockPos{x=0, y=0, z=0} BlockPos{x=-139, y=234, z=-262}
[22:42:14] [Server thread/WARN]: Mismatch in destroy block pos: BlockPos{x=0, y=0, z=0} BlockPos{x=-130, y=233, z=-252}
[22:42:14] [Server thread/WARN]: Mismatch in destroy block pos: BlockPos{x=0, y=0, z=0} BlockPos{x=-142, y=230, z=-247}
[22:42:14] [Server thread/WARN]: Mismatch in destroy block pos: BlockPos{x=0, y=0, z=0} BlockPos{x=-139, y=233, z=-262}
[22:42:14] [Server thread/WARN]: Mismatch in destroy block pos: BlockPos{x=0, y=0, z=0} BlockPos{x=-141, y=230, z=-248}
[22:42:14] [Server thread/WARN]: Mismatch in destroy block pos: BlockPos{x=0, y=0, z=0} BlockPos{x=-130, y=232, z=-253}
[22:42:14] [Server thread/WARN]: Mismatch in destroy block pos: BlockPos{x=0, y=0, z=0} BlockPos{x=-141, y=230, z=-249}
[22:42:14] [Server thread/WARN]: Mismatch in destroy block pos: BlockPos{x=0, y=0, z=0} BlockPos{x=-140, y=230, z=-249}
[22:42:14] [Server thread/WARN]: Mismatch in destroy block pos: BlockPos{x=0, y=0, z=0} BlockPos{x=-139, y=233, z=-262}
[22:42:14] [Server thread/WARN]: Mismatch in destroy block pos: BlockPos{x=0, y=0, z=0} BlockPos{x=-130, y=232, z=-252}
[22:42:14] [Server thread/WARN]: Mismatch in destroy block pos: BlockPos{x=0, y=0, z=0} BlockPos{x=-139, y=233, z=-262}
[22:42:14] [Server thread/WARN]: Mismatch in destroy block pos: BlockPos{x=0, y=0, z=0} BlockPos{x=-139, y=230, z=-250}
[22:42:14] [Server thread/WARN]: Mismatch in destroy block pos: BlockPos{x=0, y=0, z=0} BlockPos{x=-139, y=230, z=-251}
[22:42:14] [Server thread/WARN]: Mismatch in destroy block pos: BlockPos{x=0, y=0, z=0} BlockPos{x=-138, y=230, z=-251}
[22:42:14] [Server thread/WARN]: Mismatch in destroy block pos: BlockPos{x=0, y=0, z=0} BlockPos{x=-138, y=230, z=-252}
[22:42:15] [Server thread/WARN]: Mismatch in destroy block pos: BlockPos{x=0, y=0, z=0} BlockPos{x=-145, y=230, z=-246}
[22:42:15] [Server thread/WARN]: Mismatch in destroy block pos: BlockPos{x=0, y=0, z=0} BlockPos{x=-144, y=230, z=-249}
[22:42:15] [Server thread/WARN]: Mismatch in destroy block pos: BlockPos{x=0, y=0, z=0} BlockPos{x=-143, y=230, z=-248}
[22:42:15] [Server thread/WARN]: Mismatch in destroy block pos: BlockPos{x=0, y=0, z=0} BlockPos{x=-137, y=230, z=-254}
[22:42:15] [Server thread/WARN]: Mismatch in destroy block pos: BlockPos{x=0, y=0, z=0} BlockPos{x=-137, y=230, z=-255}
[22:42:15] [Server thread/WARN]: Mismatch in destroy block pos: BlockPos{x=0, y=0, z=0} BlockPos{x=-137, y=230, z=-254}
[22:42:15] [Server thread/WARN]: Mismatch in destroy block pos: BlockPos{x=0, y=0, z=0} BlockPos{x=-137, y=230, z=-255}
[22:42:15] [Server thread/WARN]: Mismatch in destroy block pos: BlockPos{x=0, y=0, z=0} BlockPos{x=-144, y=232, z=-245}
[22:42:15] [Server thread/WARN]: Mismatch in destroy block pos: BlockPos{x=0, y=0, z=0} BlockPos{x=-136, y=230, z=-255}
[22:42:16] [Server thread/WARN]: Mismatch in destroy block pos: BlockPos{x=0, y=0, z=0} BlockPos{x=-136, y=230, z=-256}
[22:42:16] [Server thread/WARN]: Mismatch in destroy block pos: BlockPos{x=0, y=0, z=0} BlockPos{x=-136, y=230, z=-257}
[22:42:16] [Server thread/WARN]: Mismatch in destroy block pos: BlockPos{x=0, y=0, z=0} BlockPos{x=-136, y=230, z=-258}
[22:42:16] [Server thread/WARN]: Mismatch in destroy block pos: BlockPos{x=0, y=0, z=0} BlockPos{x=-143, y=230, z=-251}
[22:42:16] [Server thread/WARN]: Mismatch in destroy block pos: BlockPos{x=0, y=0, z=0} BlockPos{x=-143, y=230, z=-252}
[22:42:16] [Server thread/INFO]: LaCerdita69[/100.86.33.105:58100] logged in with entity id 2906 at (-136.3032472083285, 231.0, -252.68276438407167)
[22:42:16] [Server thread/INFO]: LaCerdita69 joined the game
[22:42:16] [Server thread/INFO]: [voicechat] Received secret request of LaCerdita69 (20)
[22:42:16] [Server thread/INFO]: [voicechat] Sent secret to LaCerdita69
[22:42:16] [VoiceChatPacketProcessingThread/INFO]: [voicechat] Successfully authenticated player 87d39db5-da05-32f8-af27-e2fadb2dfbd9
[22:42:17] [VoiceChatPacketProcessingThread/INFO]: [voicechat] Successfully validated connection of player 87d39db5-da05-32f8-af27-e2fadb2dfbd9
[22:42:17] [VoiceChatPacketProcessingThread/INFO]: [voicechat] Player LaCerdita69 (87d39db5-da05-32f8-af27-e2fadb2dfbd9) successfully connected to voice chat
[22:42:18] [Server thread/WARN]: Mismatch in destroy block pos: BlockPos{x=0, y=0, z=0} BlockPos{x=-136, y=230, z=-259}
[22:42:18] [Server thread/WARN]: Mismatch in destroy block pos: BlockPos{x=0, y=0, z=0} BlockPos{x=-137, y=230, z=-259}
[22:42:18] [Server thread/WARN]: Mismatch in destroy block pos: BlockPos{x=0, y=0, z=0} BlockPos{x=-138, y=230, z=-259}
[22:42:19] [Server thread/WARN]: Mismatch in destroy block pos: BlockPos{x=0, y=0, z=0} BlockPos{x=-138, y=230, z=-258}
[22:42:19] [Server thread/WARN]: Mismatch in destroy block pos: BlockPos{x=0, y=0, z=0} BlockPos{x=-139, y=230, z=-258}
[22:42:19] [Server thread/WARN]: Mismatch in destroy block pos: BlockPos{x=0, y=0, z=0} BlockPos{x=-140, y=230, z=-257}
[22:42:19] [Server thread/WARN]: Mismatch in destroy block pos: BlockPos{x=0, y=0, z=0} BlockPos{x=-141, y=231, z=-262}
[22:42:19] [Server thread/WARN]: Mismatch in destroy block pos: BlockPos{x=0, y=0, z=0} BlockPos{x=-141, y=230, z=-257}
[22:42:19] [Server thread/WARN]: Mismatch in destroy block pos: BlockPos{x=0, y=0, z=0} BlockPos{x=-142, y=230, z=-257}
[22:42:20] [Server thread/WARN]: Mismatch in destroy block pos: BlockPos{x=0, y=0, z=0} BlockPos{x=-142, y=230, z=-256}
[22:42:20] [Server thread/WARN]: Mismatch in destroy block pos: BlockPos{x=0, y=0, z=0} BlockPos{x=-143, y=230, z=-256}
[22:42:20] [Server thread/WARN]: Mismatch in destroy block pos: BlockPos{x=0, y=0, z=0} BlockPos{x=-143, y=230, z=-257}
[22:42:20] [Server thread/WARN]: Mismatch in destroy block pos: BlockPos{x=0, y=0, z=0} BlockPos{x=-144, y=230, z=-256}
[22:42:20] [Server thread/WARN]: Mismatch in destroy block pos: BlockPos{x=0, y=0, z=0} BlockPos{x=-145, y=230, z=-256}
[22:42:20] [Server thread/WARN]: Mismatch in destroy block pos: BlockPos{x=0, y=0, z=0} BlockPos{x=-145, y=230, z=-255}
[22:42:20] [Server thread/WARN]: Mismatch in destroy block pos: BlockPos{x=0, y=0, z=0} BlockPos{x=-139, y=234, z=-262}
[22:42:20] [Server thread/WARN]: Mismatch in destroy block pos: BlockPos{x=0, y=0, z=0} BlockPos{x=-146, y=230, z=-255}
[22:42:20] [Server thread/WARN]: Mismatch in destroy block pos: BlockPos{x=0, y=0, z=0} BlockPos{x=-139, y=234, z=-262}
[22:42:20] [Server thread/WARN]: Mismatch in destroy block pos: BlockPos{x=0, y=0, z=0} BlockPos{x=-147, y=230, z=-255}
[22:42:20] [Server thread/WARN]: Mismatch in destroy block pos: BlockPos{x=0, y=0, z=0} BlockPos{x=-146, y=230, z=-255}
[22:42:20] [Server thread/WARN]: Mismatch in destroy block pos: BlockPos{x=0, y=0, z=0} BlockPos{x=-147, y=230, z=-255}
[22:42:21] [Server thread/WARN]: Mismatch in destroy block pos: BlockPos{x=0, y=0, z=0} BlockPos{x=-148, y=230, z=-254}
[22:42:21] [Server thread/WARN]: Mismatch in destroy block pos: BlockPos{x=0, y=0, z=0} BlockPos{x=-149, y=230, z=-254}
[22:42:21] [Server thread/WARN]: Mismatch in destroy block pos: BlockPos{x=0, y=0, z=0} BlockPos{x=-139, y=233, z=-262}
[22:42:21] [Server thread/WARN]: Mismatch in destroy block pos: BlockPos{x=0, y=0, z=0} BlockPos{x=-150, y=230, z=-253}
[22:42:21] [Server thread/WARN]: Mismatch in destroy block pos: BlockPos{x=0, y=0, z=0} BlockPos{x=-151, y=231, z=-253}
[22:42:21] [Server thread/WARN]: Mismatch in destroy block pos: BlockPos{x=0, y=0, z=0} BlockPos{x=-150, y=230, z=-253}
[22:42:21] [Server thread/WARN]: Mismatch in destroy block pos: BlockPos{x=0, y=0, z=0} BlockPos{x=-151, y=231, z=-253}
[22:42:21] [Server thread/WARN]: Mismatch in destroy block pos: BlockPos{x=0, y=0, z=0} BlockPos{x=-151, y=232, z=-253}
[22:42:21] [Server thread/WARN]: Mismatch in destroy block pos: BlockPos{x=0, y=0, z=0} BlockPos{x=-139, y=234, z=-262}
[22:42:21] [Server thread/WARN]: Mismatch in destroy block pos: BlockPos{x=0, y=0, z=0} BlockPos{x=-151, y=233, z=-253}
[22:42:21] [Server thread/WARN]: Mismatch in destroy block pos: BlockPos{x=0, y=0, z=0} BlockPos{x=-151, y=233, z=-252}
[22:42:22] [Server thread/WARN]: Mismatch in destroy block pos: BlockPos{x=0, y=0, z=0} BlockPos{x=-151, y=232, z=-252}
[22:42:22] [Server thread/WARN]: Mismatch in destroy block pos: BlockPos{x=0, y=0, z=0} BlockPos{x=-139, y=234, z=-262}
[22:42:22] [Server thread/WARN]: Mismatch in destroy block pos: BlockPos{x=0, y=0, z=0} BlockPos{x=-149, y=230, z=-250}
[22:42:22] [Server thread/WARN]: Mismatch in destroy block pos: BlockPos{x=0, y=0, z=0} BlockPos{x=-148, y=230, z=-250}
[22:42:22] [Server thread/WARN]: Mismatch in destroy block pos: BlockPos{x=0, y=0, z=0} BlockPos{x=-139, y=234, z=-262}
[22:42:23] [Server thread/WARN]: Mismatch in destroy block pos: BlockPos{x=0, y=0, z=0} BlockPos{x=-145, y=231, z=-245}
[22:42:23] [Server thread/WARN]: Mismatch in destroy block pos: BlockPos{x=0, y=0, z=0} BlockPos{x=-139, y=230, z=-252}
[22:42:24] [Server thread/WARN]: Mismatch in destroy block pos: BlockPos{x=0, y=0, z=0} BlockPos{x=-135, y=230, z=-257}
[22:42:24] [Server thread/WARN]: Mismatch in destroy block pos: BlockPos{x=0, y=0, z=0} BlockPos{x=-136, y=230, z=-257}
[22:42:24] [Server thread/WARN]: Mismatch in destroy block pos: BlockPos{x=0, y=0, z=0} BlockPos{x=-135, y=230, z=-258}
[22:42:25] [Server thread/WARN]: Mismatch in destroy block pos: BlockPos{x=0, y=0, z=0} BlockPos{x=-142, y=230, z=-248}
[22:42:25] [Server thread/WARN]: Mismatch in destroy block pos: BlockPos{x=0, y=0, z=0} BlockPos{x=-133, y=230, z=-260}
[22:42:25] [Server thread/WARN]: Mismatch in destroy block pos: BlockPos{x=0, y=0, z=0} BlockPos{x=-132, y=230, z=-261}
[22:42:26] [Server thread/WARN]: Mismatch in destroy block pos: BlockPos{x=0, y=0, z=0} BlockPos{x=-130, y=232, z=-259}
[22:42:29] [Server thread/WARN]: Mismatch in destroy block pos: BlockPos{x=0, y=0, z=0} BlockPos{x=-142, y=230, z=-251}
[22:42:29] [Server thread/WARN]: Mismatch in destroy block pos: BlockPos{x=0, y=0, z=0} BlockPos{x=-143, y=230, z=-251}
[22:42:29] [Server thread/WARN]: Mismatch in destroy block pos: BlockPos{x=0, y=0, z=0} BlockPos{x=-143, y=230, z=-250}
[22:42:29] [Server thread/WARN]: Mismatch in destroy block pos: BlockPos{x=0, y=0, z=0} BlockPos{x=-144, y=230, z=-250}
[22:42:29] [Server thread/WARN]: Mismatch in destroy block pos: BlockPos{x=0, y=0, z=0} BlockPos{x=-144, y=230, z=-249}
[22:42:29] [Server thread/WARN]: Mismatch in destroy block pos: BlockPos{x=0, y=0, z=0} BlockPos{x=-145, y=230, z=-249}
[22:42:30] [Server thread/WARN]: Mismatch in destroy block pos: BlockPos{x=0, y=0, z=0} BlockPos{x=-145, y=230, z=-248}
[22:42:30] [Server thread/WARN]: Mismatch in destroy block pos: BlockPos{x=0, y=0, z=0} BlockPos{x=-146, y=230, z=-248}
[22:42:30] [Server thread/WARN]: Mismatch in destroy block pos: BlockPos{x=0, y=0, z=0} BlockPos{x=-146, y=230, z=-247}
[22:42:30] [Server thread/WARN]: Mismatch in destroy block pos: BlockPos{x=0, y=0, z=0} BlockPos{x=-147, y=230, z=-247}
[22:42:30] [Server thread/WARN]: Mismatch in destroy block pos: BlockPos{x=0, y=0, z=0} BlockPos{x=-147, y=230, z=-246}
[22:42:30] [Server thread/WARN]: Mismatch in destroy block pos: BlockPos{x=0, y=0, z=0} BlockPos{x=-146, y=231, z=-245}
[22:42:30] [Server thread/WARN]: Mismatch in destroy block pos: BlockPos{x=0, y=0, z=0} BlockPos{x=-146, y=232, z=-245}
[22:42:30] [Server thread/WARN]: Mismatch in destroy block pos: BlockPos{x=0, y=0, z=0} BlockPos{x=-147, y=232, z=-245}
[22:42:30] [Server thread/WARN]: Mismatch in destroy block pos: BlockPos{x=0, y=0, z=0} BlockPos{x=-147, y=233, z=-245}
[22:42:30] [Server thread/WARN]: Mismatch in destroy block pos: BlockPos{x=0, y=0, z=0} BlockPos{x=-147, y=232, z=-245}
[22:42:30] [Server thread/WARN]: Mismatch in destroy block pos: BlockPos{x=0, y=0, z=0} BlockPos{x=-146, y=230, z=-247}
[22:42:30] [Server thread/WARN]: Mismatch in destroy block pos: BlockPos{x=0, y=0, z=0} BlockPos{x=-146, y=231, z=-245}
[22:42:31] [Server thread/WARN]: Mismatch in destroy block pos: BlockPos{x=0, y=0, z=0} BlockPos{x=-145, y=230, z=-247}
[22:42:31] [Server thread/WARN]: Mismatch in destroy block pos: BlockPos{x=0, y=0, z=0} BlockPos{x=-144, y=230, z=-247}
[22:42:31] [Server thread/WARN]: Mismatch in destroy block pos: BlockPos{x=0, y=0, z=0} BlockPos{x=-143, y=230, z=-248}
[22:42:31] [Server thread/WARN]: Mismatch in destroy block pos: BlockPos{x=0, y=0, z=0} BlockPos{x=-144, y=230, z=-248}
[22:42:31] [Server thread/WARN]: Mismatch in destroy block pos: BlockPos{x=0, y=0, z=0} BlockPos{x=-143, y=230, z=-249}
[22:42:32] [Server thread/WARN]: Mismatch in destroy block pos: BlockPos{x=0, y=0, z=0} BlockPos{x=-140, y=230, z=-252}
[22:42:32] [Server thread/WARN]: Mismatch in destroy block pos: BlockPos{x=0, y=0, z=0} BlockPos{x=-139, y=230, z=-254}
[22:42:32] [Server thread/WARN]: Mismatch in destroy block pos: BlockPos{x=0, y=0, z=0} BlockPos{x=-138, y=230, z=-256}
[22:42:33] [Server thread/WARN]: Mismatch in destroy block pos: BlockPos{x=0, y=0, z=0} BlockPos{x=-141, y=230, z=-258}
[22:42:33] [Server thread/WARN]: Mismatch in destroy block pos: BlockPos{x=0, y=0, z=0} BlockPos{x=-136, y=230, z=-257}
[22:42:33] [Server thread/WARN]: Mismatch in destroy block pos: BlockPos{x=0, y=0, z=0} BlockPos{x=-141, y=230, z=-256}
[22:42:33] [Server thread/WARN]: Mismatch in destroy block pos: BlockPos{x=0, y=0, z=0} BlockPos{x=-137, y=230, z=-256}
[22:42:33] [Server thread/WARN]: Mismatch in destroy block pos: BlockPos{x=0, y=0, z=0} BlockPos{x=-136, y=230, z=-256}
[22:42:33] [Server thread/WARN]: Mismatch in destroy block pos: BlockPos{x=0, y=0, z=0} BlockPos{x=-136, y=230, z=-257}
[22:42:33] [Server thread/WARN]: Mismatch in destroy block pos: BlockPos{x=0, y=0, z=0} BlockPos{x=-135, y=230, z=-258}
[22:42:33] [Server thread/WARN]: Mismatch in destroy block pos: BlockPos{x=0, y=0, z=0} BlockPos{x=-134, y=230, z=-260}
[22:42:33] [Server thread/WARN]: Mismatch in destroy block pos: BlockPos{x=0, y=0, z=0} BlockPos{x=-134, y=230, z=-259}
[22:42:34] [Server thread/WARN]: Mismatch in destroy block pos: BlockPos{x=0, y=0, z=0} BlockPos{x=-133, y=230, z=-260}
[22:42:34] [Server thread/WARN]: Mismatch in destroy block pos: BlockPos{x=0, y=0, z=0} BlockPos{x=-132, y=230, z=-261}
[22:42:34] [Server thread/WARN]: Mismatch in destroy block pos: BlockPos{x=0, y=0, z=0} BlockPos{x=-130, y=231, z=-260}
[22:42:34] [Server thread/WARN]: Mismatch in destroy block pos: BlockPos{x=0, y=0, z=0} BlockPos{x=-131, y=230, z=-258}
[22:42:34] [Server thread/WARN]: Mismatch in destroy block pos: BlockPos{x=0, y=0, z=0} BlockPos{x=-132, y=230, z=-257}
[22:42:34] [Server thread/WARN]: Mismatch in destroy block pos: BlockPos{x=0, y=0, z=0} BlockPos{x=-133, y=230, z=-257}
[22:42:34] [Server thread/WARN]: Mismatch in destroy block pos: BlockPos{x=0, y=0, z=0} BlockPos{x=-134, y=230, z=-257}
[22:42:34] [Server thread/WARN]: Mismatch in destroy block pos: BlockPos{x=0, y=0, z=0} BlockPos{x=-133, y=230, z=-258}
[22:42:34] [Server thread/WARN]: Mismatch in destroy block pos: BlockPos{x=0, y=0, z=0} BlockPos{x=-133, y=230, z=-257}
[22:42:34] [Server thread/WARN]: Mismatch in destroy block pos: BlockPos{x=0, y=0, z=0} BlockPos{x=-133, y=230, z=-256}
[22:42:35] [Server thread/INFO]: [[ADMIN] Thes912: Created team [2]]
[22:42:35] [Server thread/WARN]: Mismatch in destroy block pos: BlockPos{x=0, y=0, z=0} BlockPos{x=-132, y=232, z=-262}
[22:42:35] [Server thread/WARN]: Mismatch in destroy block pos: BlockPos{x=0, y=0, z=0} BlockPos{x=-131, y=231, z=-262}
[22:42:36] [Server thread/WARN]: Mismatch in destroy block pos: BlockPos{x=0, y=0, z=0} BlockPos{x=-137, y=232, z=-262}
[22:42:38] [Server thread/WARN]: Mismatch in destroy block pos: BlockPos{x=0, y=0, z=0} BlockPos{x=-142, y=230, z=-253}
[22:42:38] [Server thread/WARN]: Mismatch in destroy block pos: BlockPos{x=0, y=0, z=0} BlockPos{x=-140, y=230, z=-253}
[22:42:38] [Server thread/WARN]: Mismatch in destroy block pos: BlockPos{x=-183, y=101, z=52} BlockPos{x=-130, y=233, z=-257}
[22:42:38] [Server thread/WARN]: Mismatch in destroy block pos: BlockPos{x=0, y=0, z=0} BlockPos{x=-140, y=230, z=-255}
[22:42:40] [Server thread/INFO]: [[ADMIN] Thes912: Added 77kilosdeGuppy to team [2]]
[22:42:48] [Server thread/WARN]: Mismatch in destroy block pos: BlockPos{x=0, y=0, z=0} BlockPos{x=-144, y=230, z=-252}
[22:42:48] [Server thread/WARN]: Mismatch in destroy block pos: BlockPos{x=0, y=0, z=0} BlockPos{x=-141, y=233, z=-262}
[22:42:52] [Server thread/WARN]: Mismatch in destroy block pos: BlockPos{x=-183, y=101, z=52} BlockPos{x=-139, y=232, z=-262}
[22:42:52] [Server thread/WARN]: Mismatch in destroy block pos: BlockPos{x=-183, y=101, z=52} BlockPos{x=-139, y=232, z=-262}
[22:42:52] [Server thread/WARN]: Mismatch in destroy block pos: BlockPos{x=-183, y=101, z=52} BlockPos{x=-138, y=232, z=-262}
[22:42:53] [Server thread/WARN]: Mismatch in destroy block pos: BlockPos{x=-183, y=101, z=52} BlockPos{x=-139, y=232, z=-262}
[22:42:53] [Server thread/WARN]: Mismatch in destroy block pos: BlockPos{x=0, y=0, z=0} BlockPos{x=-142, y=232, z=-245}
[22:42:57] [Server thread/WARN]: Mismatch in destroy block pos: BlockPos{x=0, y=0, z=0} BlockPos{x=-132, y=231, z=-262}
[22:43:00] [Server thread/WARN]: Mismatch in destroy block pos: BlockPos{x=0, y=0, z=0} BlockPos{x=-146, y=232, z=-245}
[22:43:01] [Server thread/INFO]: [[ADMIN] Thes912: Added Pepo2804 to team [2]]
[22:43:04] [Server thread/WARN]: Mismatch in destroy block pos: BlockPos{x=0, y=0, z=0} BlockPos{x=-130, y=232, z=-259}
[22:43:04] [Server thread/WARN]: Mismatch in destroy block pos: BlockPos{x=0, y=0, z=0} BlockPos{x=-131, y=232, z=-262}
[22:43:05] [Server thread/INFO]: [[ADMIN] Thes912: Added NovoaCol to team [2]]
[22:43:06] [Server thread/WARN]: Mismatch in destroy block pos: BlockPos{x=0, y=0, z=0} BlockPos{x=-144, y=230, z=-250}
[22:43:06] [Server thread/WARN]: Mismatch in destroy block pos: BlockPos{x=0, y=0, z=0} BlockPos{x=-145, y=230, z=-250}
[22:43:06] [Server thread/WARN]: Mismatch in destroy block pos: BlockPos{x=0, y=0, z=0} BlockPos{x=-146, y=230, z=-251}
[22:43:08] [Server thread/WARN]: Mismatch in destroy block pos: BlockPos{x=0, y=0, z=0} BlockPos{x=-139, y=230, z=-256}
[22:43:08] [Server thread/WARN]: Mismatch in destroy block pos: BlockPos{x=0, y=0, z=0} BlockPos{x=-139, y=230, z=-256}
[22:43:08] [Server thread/WARN]: Mismatch in destroy block pos: BlockPos{x=0, y=0, z=0} BlockPos{x=-138, y=230, z=-256}
[22:43:08] [Server thread/WARN]: Mismatch in destroy block pos: BlockPos{x=0, y=0, z=0} BlockPos{x=-135, y=230, z=-256}
[22:43:09] [Server thread/WARN]: Mismatch in destroy block pos: BlockPos{x=0, y=0, z=0} BlockPos{x=-134, y=230, z=-256}
[22:43:09] [Server thread/WARN]: Mismatch in destroy block pos: BlockPos{x=0, y=0, z=0} BlockPos{x=-135, y=230, z=-256}
[22:43:09] [Server thread/WARN]: Mismatch in destroy block pos: BlockPos{x=0, y=0, z=0} BlockPos{x=-135, y=230, z=-255}
[22:43:09] [Server thread/WARN]: Mismatch in destroy block pos: BlockPos{x=0, y=0, z=0} BlockPos{x=-134, y=230, z=-255}
[22:43:09] [Server thread/WARN]: Mismatch in destroy block pos: BlockPos{x=0, y=0, z=0} BlockPos{x=-133, y=230, z=-255}
[22:43:09] [Server thread/WARN]: Mismatch in destroy block pos: BlockPos{x=0, y=0, z=0} BlockPos{x=-133, y=230, z=-254}
[22:43:09] [Server thread/WARN]: Mismatch in destroy block pos: BlockPos{x=0, y=0, z=0} BlockPos{x=-132, y=230, z=-254}
[22:43:09] [Server thread/WARN]: Mismatch in destroy block pos: BlockPos{x=0, y=0, z=0} BlockPos{x=-131, y=230, z=-254}
[22:43:10] [Server thread/WARN]: Mismatch in destroy block pos: BlockPos{x=0, y=0, z=0} BlockPos{x=-132, y=230, z=-254}
[22:43:10] [Server thread/WARN]: Mismatch in destroy block pos: BlockPos{x=-183, y=101, z=52} BlockPos{x=-135, y=233, z=-245}
[22:43:10] [Server thread/WARN]: Mismatch in destroy block pos: BlockPos{x=0, y=0, z=0} BlockPos{x=-134, y=230, z=-249}
[22:43:10] [Server thread/WARN]: Mismatch in destroy block pos: BlockPos{x=0, y=0, z=0} BlockPos{x=-135, y=230, z=-249}
[22:43:11] [Server thread/WARN]: Mismatch in destroy block pos: BlockPos{x=0, y=0, z=0} BlockPos{x=-136, y=230, z=-248}
[22:43:11] [Server thread/WARN]: Mismatch in destroy block pos: BlockPos{x=0, y=0, z=0} BlockPos{x=-137, y=230, z=-247}
[22:43:11] [Server thread/WARN]: Mismatch in destroy block pos: BlockPos{x=0, y=0, z=0} BlockPos{x=-137, y=230, z=-247}
[22:43:11] [Server thread/WARN]: Mismatch in destroy block pos: BlockPos{x=0, y=0, z=0} BlockPos{x=-138, y=230, z=-247}
[22:43:11] [Server thread/WARN]: Mismatch in destroy block pos: BlockPos{x=0, y=0, z=0} BlockPos{x=-138, y=230, z=-247}
[22:43:11] [Server thread/WARN]: Mismatch in destroy block pos: BlockPos{x=0, y=0, z=0} BlockPos{x=-139, y=230, z=-247}
[22:43:11] [Server thread/WARN]: Mismatch in destroy block pos: BlockPos{x=0, y=0, z=0} BlockPos{x=-140, y=230, z=-247}
[22:43:11] [Server thread/WARN]: Mismatch in destroy block pos: BlockPos{x=0, y=0, z=0} BlockPos{x=-141, y=230, z=-247}
[22:43:11] [Server thread/WARN]: Mismatch in destroy block pos: BlockPos{x=-183, y=101, z=52} BlockPos{x=-130, y=233, z=-251}
[22:43:12] [Server thread/WARN]: Mismatch in destroy block pos: BlockPos{x=0, y=0, z=0} BlockPos{x=-141, y=230, z=-247}
[22:43:12] [Server thread/WARN]: Mismatch in destroy block pos: BlockPos{x=0, y=0, z=0} BlockPos{x=-132, y=231, z=-262}
[22:43:12] [Server thread/WARN]: Mismatch in destroy block pos: BlockPos{x=-183, y=101, z=52} BlockPos{x=-130, y=232, z=-250}
[22:43:12] [Server thread/WARN]: Mismatch in destroy block pos: BlockPos{x=-183, y=101, z=52} BlockPos{x=-130, y=232, z=-251}
[22:43:12] [Server thread/WARN]: Mismatch in destroy block pos: BlockPos{x=-183, y=101, z=52} BlockPos{x=-130, y=233, z=-252}
[22:43:12] [Server thread/WARN]: Mismatch in destroy block pos: BlockPos{x=-183, y=101, z=52} BlockPos{x=-130, y=233, z=-252}
[22:43:12] [Server thread/WARN]: Mismatch in destroy block pos: BlockPos{x=-183, y=101, z=52} BlockPos{x=-130, y=232, z=-253}
[22:43:12] [Server thread/WARN]: Mismatch in destroy block pos: BlockPos{x=-183, y=101, z=52} BlockPos{x=-130, y=232, z=-253}
[22:43:12] [Server thread/WARN]: Mismatch in destroy block pos: BlockPos{x=-183, y=101, z=52} BlockPos{x=-130, y=232, z=-254}
[22:43:12] [Server thread/WARN]: Mismatch in destroy block pos: BlockPos{x=0, y=0, z=0} BlockPos{x=-147, y=230, z=-250}
[22:43:13] [Server thread/WARN]: Mismatch in destroy block pos: BlockPos{x=0, y=0, z=0} BlockPos{x=-147, y=230, z=-251}
[22:43:13] [Server thread/WARN]: Mismatch in destroy block pos: BlockPos{x=-183, y=101, z=52} BlockPos{x=-130, y=233, z=-254}
[22:43:13] [Server thread/WARN]: Mismatch in destroy block pos: BlockPos{x=0, y=0, z=0} BlockPos{x=-146, y=230, z=-251}
[22:43:13] [Server thread/WARN]: Mismatch in destroy block pos: BlockPos{x=-183, y=101, z=52} BlockPos{x=-130, y=233, z=-255}
[22:43:13] [Server thread/WARN]: Mismatch in destroy block pos: BlockPos{x=0, y=0, z=0} BlockPos{x=-146, y=230, z=-251}
[22:43:13] [Server thread/WARN]: Mismatch in destroy block pos: BlockPos{x=0, y=0, z=0} BlockPos{x=-142, y=230, z=-251}
[22:43:13] [Server thread/WARN]: Mismatch in destroy block pos: BlockPos{x=0, y=0, z=0} BlockPos{x=-142, y=230, z=-252}
[22:43:13] [Server thread/WARN]: Mismatch in destroy block pos: BlockPos{x=-183, y=101, z=52} BlockPos{x=-130, y=233, z=-255}
[22:43:13] [Server thread/WARN]: Mismatch in destroy block pos: BlockPos{x=-183, y=101, z=52} BlockPos{x=-130, y=232, z=-255}
[22:43:13] [Server thread/WARN]: Mismatch in destroy block pos: BlockPos{x=0, y=0, z=0} BlockPos{x=-142, y=230, z=-251}
[22:43:14] [Server thread/WARN]: Mismatch in destroy block pos: BlockPos{x=0, y=0, z=0} BlockPos{x=-147, y=230, z=-255}
[22:43:14] [Server thread/WARN]: Mismatch in destroy block pos: BlockPos{x=0, y=0, z=0} BlockPos{x=-147, y=230, z=-256}
[22:43:14] [Server thread/WARN]: Mismatch in destroy block pos: BlockPos{x=-183, y=101, z=52} BlockPos{x=-133, y=232, z=-262}
[22:43:14] [Server thread/WARN]: Mismatch in destroy block pos: BlockPos{x=0, y=0, z=0} BlockPos{x=-146, y=230, z=-258}
[22:43:14] [Server thread/WARN]: Mismatch in destroy block pos: BlockPos{x=0, y=0, z=0} BlockPos{x=-146, y=230, z=-259}
[22:43:14] [Server thread/WARN]: Mismatch in destroy block pos: BlockPos{x=-183, y=101, z=52} BlockPos{x=-133, y=232, z=-262}
[22:43:14] [Server thread/WARN]: Mismatch in destroy block pos: BlockPos{x=0, y=0, z=0} BlockPos{x=-145, y=230, z=-258}
[22:43:14] [Server thread/WARN]: Mismatch in destroy block pos: BlockPos{x=-183, y=101, z=52} BlockPos{x=-134, y=232, z=-262}
[22:43:14] [Server thread/WARN]: Mismatch in destroy block pos: BlockPos{x=-183, y=101, z=52} BlockPos{x=-134, y=233, z=-262}
[22:43:14] [Server thread/WARN]: Mismatch in destroy block pos: BlockPos{x=-183, y=101, z=52} BlockPos{x=-135, y=233, z=-262}
[22:43:14] [Server thread/WARN]: Mismatch in destroy block pos: BlockPos{x=0, y=0, z=0} BlockPos{x=-144, y=230, z=-259}
[22:43:15] [Server thread/WARN]: Mismatch in destroy block pos: BlockPos{x=0, y=0, z=0} BlockPos{x=-142, y=230, z=-253}
[22:43:15] [Server thread/WARN]: Mismatch in destroy block pos: BlockPos{x=0, y=0, z=0} BlockPos{x=-139, y=230, z=-259}
[22:43:15] [Server thread/WARN]: Mismatch in destroy block pos: BlockPos{x=0, y=0, z=0} BlockPos{x=-140, y=230, z=-259}
[22:43:15] [Server thread/WARN]: Mismatch in destroy block pos: BlockPos{x=0, y=0, z=0} BlockPos{x=-138, y=230, z=-259}
[22:43:15] [Server thread/WARN]: Mismatch in destroy block pos: BlockPos{x=0, y=0, z=0} BlockPos{x=-141, y=232, z=-245}
[22:43:15] [Server thread/WARN]: Mismatch in destroy block pos: BlockPos{x=0, y=0, z=0} BlockPos{x=-136, y=230, z=-257}
[22:43:16] [Server thread/WARN]: Mismatch in destroy block pos: BlockPos{x=0, y=0, z=0} BlockPos{x=-135, y=230, z=-257}
[22:43:16] [Server thread/WARN]: Mismatch in destroy block pos: BlockPos{x=0, y=0, z=0} BlockPos{x=-134, y=230, z=-257}
[22:43:16] [Server thread/WARN]: Mismatch in destroy block pos: BlockPos{x=0, y=0, z=0} BlockPos{x=-147, y=230, z=-246}
[22:43:16] [Server thread/WARN]: Mismatch in destroy block pos: BlockPos{x=0, y=0, z=0} BlockPos{x=-134, y=230, z=-255}
[22:43:16] [Server thread/WARN]: Mismatch in destroy block pos: BlockPos{x=0, y=0, z=0} BlockPos{x=-134, y=230, z=-255}
[22:43:16] [Server thread/WARN]: Mismatch in destroy block pos: BlockPos{x=0, y=0, z=0} BlockPos{x=-134, y=230, z=-254}
[22:43:16] [Server thread/WARN]: Mismatch in destroy block pos: BlockPos{x=0, y=0, z=0} BlockPos{x=-134, y=230, z=-254}
[22:43:17] [Server thread/WARN]: Mismatch in destroy block pos: BlockPos{x=0, y=0, z=0} BlockPos{x=-134, y=230, z=-253}
[22:43:17] [Server thread/WARN]: Mismatch in destroy block pos: BlockPos{x=0, y=0, z=0} BlockPos{x=-134, y=230, z=-252}
[22:43:17] [Server thread/WARN]: Mismatch in destroy block pos: BlockPos{x=-183, y=101, z=52} BlockPos{x=-136, y=233, z=-245}
[22:43:17] [Server thread/WARN]: Mismatch in destroy block pos: BlockPos{x=-183, y=101, z=52} BlockPos{x=-135, y=232, z=-245}
[22:43:18] [Server thread/WARN]: Mismatch in destroy block pos: BlockPos{x=0, y=0, z=0} BlockPos{x=-135, y=230, z=-249}
[22:43:18] [Server thread/WARN]: Mismatch in destroy block pos: BlockPos{x=0, y=0, z=0} BlockPos{x=-136, y=230, z=-249}
[22:43:18] [Server thread/WARN]: Mismatch in destroy block pos: BlockPos{x=0, y=0, z=0} BlockPos{x=-136, y=230, z=-249}
[22:43:18] [Server thread/WARN]: Mismatch in destroy block pos: BlockPos{x=0, y=0, z=0} BlockPos{x=-137, y=230, z=-249}
[22:43:18] [Server thread/WARN]: Mismatch in destroy block pos: BlockPos{x=0, y=0, z=0} BlockPos{x=-138, y=230, z=-249}
[22:43:18] [Server thread/WARN]: Mismatch in destroy block pos: BlockPos{x=0, y=0, z=0} BlockPos{x=-139, y=230, z=-249}
[22:43:19] [Server thread/WARN]: Mismatch in destroy block pos: BlockPos{x=0, y=0, z=0} BlockPos{x=-139, y=230, z=-248}
[22:43:19] [Server thread/WARN]: Mismatch in destroy block pos: BlockPos{x=0, y=0, z=0} BlockPos{x=-135, y=230, z=-246}
[22:43:19] [Server thread/WARN]: Mismatch in destroy block pos: BlockPos{x=0, y=0, z=0} BlockPos{x=-134, y=230, z=-246}
[22:43:20] [Server thread/WARN]: Mismatch in destroy block pos: BlockPos{x=0, y=0, z=0} BlockPos{x=-134, y=231, z=-245}
[22:43:20] [Server thread/WARN]: Mismatch in destroy block pos: BlockPos{x=0, y=0, z=0} BlockPos{x=-134, y=232, z=-245}
[22:43:20] [Server thread/WARN]: Mismatch in destroy block pos: BlockPos{x=0, y=0, z=0} BlockPos{x=-133, y=232, z=-245}
[22:43:20] [Server thread/WARN]: Mismatch in destroy block pos: BlockPos{x=0, y=0, z=0} BlockPos{x=-132, y=231, z=-245}
[22:43:20] [Server thread/WARN]: Mismatch in destroy block pos: BlockPos{x=0, y=0, z=0} BlockPos{x=-132, y=230, z=-246}
[22:43:20] [Server thread/WARN]: Mismatch in destroy block pos: BlockPos{x=0, y=0, z=0} BlockPos{x=-134, y=232, z=-245}
[22:43:20] [Server thread/WARN]: Mismatch in destroy block pos: BlockPos{x=0, y=0, z=0} BlockPos{x=-133, y=232, z=-245}
[22:43:22] [Server thread/WARN]: Mismatch in destroy block pos: BlockPos{x=-183, y=101, z=52} BlockPos{x=-134, y=232, z=-262}
[22:43:23] [Server thread/WARN]: Mismatch in destroy block pos: BlockPos{x=0, y=0, z=0} BlockPos{x=-136, y=231, z=-245}
[22:43:23] [Server thread/WARN]: Mismatch in destroy block pos: BlockPos{x=0, y=0, z=0} BlockPos{x=-138, y=232, z=-245}
[22:43:23] [Server thread/WARN]: Mismatch in destroy block pos: BlockPos{x=-183, y=101, z=52} BlockPos{x=-130, y=232, z=-253}
[22:43:24] [Server thread/WARN]: Mismatch in destroy block pos: BlockPos{x=-183, y=101, z=52} BlockPos{x=-133, y=230, z=-250}
[22:43:24] [Server thread/WARN]: Mismatch in destroy block pos: BlockPos{x=-183, y=101, z=52} BlockPos{x=-132, y=230, z=-250}
[22:43:24] [Server thread/WARN]: Mismatch in destroy block pos: BlockPos{x=-183, y=101, z=52} BlockPos{x=-133, y=230, z=-250}
[22:43:24] [Server thread/WARN]: Mismatch in destroy block pos: BlockPos{x=0, y=0, z=0} BlockPos{x=-134, y=230, z=-252}
[22:43:24] [Server thread/WARN]: Mismatch in destroy block pos: BlockPos{x=-183, y=101, z=52} BlockPos{x=-132, y=232, z=-245}
[22:43:24] [Server thread/WARN]: Mismatch in destroy block pos: BlockPos{x=-183, y=101, z=52} BlockPos{x=-133, y=232, z=-245}
[22:43:24] [Server thread/WARN]: Mismatch in destroy block pos: BlockPos{x=0, y=0, z=0} BlockPos{x=-134, y=230, z=-253}
[22:43:25] [Server thread/WARN]: Mismatch in destroy block pos: BlockPos{x=0, y=0, z=0} BlockPos{x=-134, y=230, z=-253}
[22:43:25] [Server thread/WARN]: Mismatch in destroy block pos: BlockPos{x=0, y=0, z=0} BlockPos{x=-134, y=230, z=-254}
[22:43:25] [Server thread/WARN]: Mismatch in destroy block pos: BlockPos{x=0, y=0, z=0} BlockPos{x=-134, y=230, z=-254}
[22:43:25] [Server thread/WARN]: Mismatch in destroy block pos: BlockPos{x=-183, y=101, z=52} BlockPos{x=-134, y=232, z=-245}
[22:43:25] [Server thread/WARN]: Mismatch in destroy block pos: BlockPos{x=0, y=0, z=0} BlockPos{x=-135, y=230, z=-255}
[22:43:25] [Server thread/WARN]: Mismatch in destroy block pos: BlockPos{x=0, y=0, z=0} BlockPos{x=-135, y=230, z=-256}
[22:43:25] [Server thread/WARN]: Mismatch in destroy block pos: BlockPos{x=0, y=0, z=0} BlockPos{x=-135, y=230, z=-257}
[22:43:25] [Server thread/WARN]: Mismatch in destroy block pos: BlockPos{x=0, y=0, z=0} BlockPos{x=-136, y=230, z=-257}
[22:43:25] [Server thread/WARN]: Mismatch in destroy block pos: BlockPos{x=0, y=0, z=0} BlockPos{x=-136, y=230, z=-259}
[22:43:25] [Server thread/WARN]: Mismatch in destroy block pos: BlockPos{x=0, y=0, z=0} BlockPos{x=-137, y=230, z=-259}
[22:43:26] [Server thread/WARN]: Mismatch in destroy block pos: BlockPos{x=0, y=0, z=0} BlockPos{x=-137, y=230, z=-259}
[22:43:26] [Server thread/WARN]: Mismatch in destroy block pos: BlockPos{x=0, y=0, z=0} BlockPos{x=-138, y=230, z=-260}
[22:43:26] [Server thread/WARN]: Mismatch in destroy block pos: BlockPos{x=0, y=0, z=0} BlockPos{x=-139, y=230, z=-260}
[22:43:26] [Server thread/WARN]: Mismatch in destroy block pos: BlockPos{x=0, y=0, z=0} BlockPos{x=-146, y=230, z=-246}
[22:43:26] [Server thread/WARN]: Mismatch in destroy block pos: BlockPos{x=0, y=0, z=0} BlockPos{x=-140, y=230, z=-260}
[22:43:26] [Server thread/WARN]: Mismatch in destroy block pos: BlockPos{x=0, y=0, z=0} BlockPos{x=-146, y=230, z=-247}
[22:43:26] [Server thread/WARN]: Mismatch in destroy block pos: BlockPos{x=0, y=0, z=0} BlockPos{x=-146, y=230, z=-248}
[22:43:27] [Server thread/WARN]: Mismatch in destroy block pos: BlockPos{x=0, y=0, z=0} BlockPos{x=-142, y=232, z=-262}
[22:43:27] [Server thread/WARN]: Mismatch in destroy block pos: BlockPos{x=0, y=0, z=0} BlockPos{x=-145, y=230, z=-248}
[22:43:27] [Server thread/WARN]: Mismatch in destroy block pos: BlockPos{x=0, y=0, z=0} BlockPos{x=-145, y=230, z=-249}
[22:43:27] [Server thread/WARN]: Mismatch in destroy block pos: BlockPos{x=0, y=0, z=0} BlockPos{x=-144, y=230, z=-249}
[22:43:31] [Server thread/WARN]: Mismatch in destroy block pos: BlockPos{x=0, y=0, z=0} BlockPos{x=-143, y=231, z=-245}
[22:43:33] [Server thread/WARN]: Mismatch in destroy block pos: BlockPos{x=-183, y=101, z=52} BlockPos{x=-132, y=233, z=-245}
[22:43:33] [Server thread/WARN]: Mismatch in destroy block pos: BlockPos{x=0, y=0, z=0} BlockPos{x=-145, y=230, z=-246}
[22:43:33] [Server thread/WARN]: Mismatch in destroy block pos: BlockPos{x=-183, y=101, z=52} BlockPos{x=-134, y=230, z=-247}
[22:43:33] [Server thread/WARN]: Mismatch in destroy block pos: BlockPos{x=0, y=0, z=0} BlockPos{x=-146, y=230, z=-246}
[22:43:34] [Server thread/WARN]: Mismatch in destroy block pos: BlockPos{x=0, y=0, z=0} BlockPos{x=-147, y=230, z=-246}
[22:43:34] [Server thread/WARN]: Mismatch in destroy block pos: BlockPos{x=0, y=0, z=0} BlockPos{x=-148, y=230, z=-246}
[22:43:36] [Server thread/WARN]: Mismatch in destroy block pos: BlockPos{x=0, y=0, z=0} BlockPos{x=-140, y=230, z=-252}
[22:43:36] [Server thread/WARN]: Mismatch in destroy block pos: BlockPos{x=0, y=0, z=0} BlockPos{x=-138, y=230, z=-253}
[22:43:36] [Server thread/WARN]: Mismatch in destroy block pos: BlockPos{x=0, y=0, z=0} BlockPos{x=-139, y=230, z=-252}
[22:43:36] [Server thread/WARN]: Mismatch in destroy block pos: BlockPos{x=0, y=0, z=0} BlockPos{x=-140, y=230, z=-252}
[22:43:37] [Server thread/WARN]: Mismatch in destroy block pos: BlockPos{x=0, y=0, z=0} BlockPos{x=-141, y=230, z=-254}
[22:43:37] [Server thread/WARN]: Mismatch in destroy block pos: BlockPos{x=0, y=0, z=0} BlockPos{x=-141, y=230, z=-253}
[22:43:38] [Server thread/INFO]: ggjero lost connection: Disconnected
[22:43:38] [Server thread/INFO]: ggjero left the game
[22:43:38] [Server thread/INFO]: [voicechat] Disconnecting client ggjero
[22:43:38] [Server thread/WARN]: Mismatch in destroy block pos: BlockPos{x=0, y=0, z=0} BlockPos{x=-143, y=230, z=-254}
[22:43:39] [Server thread/WARN]: Mismatch in destroy block pos: BlockPos{x=0, y=0, z=0} BlockPos{x=-140, y=230, z=-254}
[22:43:39] [Server thread/WARN]: Mismatch in destroy block pos: BlockPos{x=0, y=0, z=0} BlockPos{x=-141, y=230, z=-255}
[22:43:39] [Server thread/WARN]: Mismatch in destroy block pos: BlockPos{x=0, y=0, z=0} BlockPos{x=-142, y=230, z=-252}
[22:43:40] [Server thread/WARN]: Mismatch in destroy block pos: BlockPos{x=0, y=0, z=0} BlockPos{x=-149, y=231, z=-245}
[22:43:40] [Server thread/WARN]: Mismatch in destroy block pos: BlockPos{x=0, y=0, z=0} BlockPos{x=-143, y=230, z=-250}
[22:43:52] [Server thread/WARN]: Mismatch in destroy block pos: BlockPos{x=0, y=0, z=0} BlockPos{x=-131, y=230, z=-255}
[22:43:52] [Server thread/WARN]: Mismatch in destroy block pos: BlockPos{x=0, y=0, z=0} BlockPos{x=-133, y=230, z=-254}
[22:43:52] [Server thread/INFO]: LaCerdita69 lost connection: Disconnected
[22:43:52] [Server thread/INFO]: LaCerdita69 left the game
[22:43:52] [Server thread/INFO]: [voicechat] Disconnecting client LaCerdita69
[22:43:59] [Server thread/WARN]: Mismatch in destroy block pos: BlockPos{x=0, y=0, z=0} BlockPos{x=-145, y=230, z=-251}
[22:43:59] [Server thread/WARN]: Mismatch in destroy block pos: BlockPos{x=0, y=0, z=0} BlockPos{x=-142, y=231, z=-245}
[22:43:59] [Server thread/WARN]: Mismatch in destroy block pos: BlockPos{x=0, y=0, z=0} BlockPos{x=-142, y=231, z=-245}
[22:44:01] [Server thread/WARN]: Mismatch in destroy block pos: BlockPos{x=0, y=0, z=0} BlockPos{x=-130, y=231, z=-249}
[22:44:01] [Server thread/WARN]: Mismatch in destroy block pos: BlockPos{x=0, y=0, z=0} BlockPos{x=-130, y=232, z=-249}
[22:44:01] [Server thread/WARN]: Mismatch in destroy block pos: BlockPos{x=0, y=0, z=0} BlockPos{x=-130, y=231, z=-250}
[22:44:07] [Server thread/WARN]: Mismatch in destroy block pos: BlockPos{x=0, y=0, z=0} BlockPos{x=-137, y=232, z=-245}
[22:44:07] [Server thread/WARN]: Mismatch in destroy block pos: BlockPos{x=0, y=0, z=0} BlockPos{x=-138, y=232, z=-245}
[22:44:07] [Server thread/WARN]: Mismatch in destroy block pos: BlockPos{x=0, y=0, z=0} BlockPos{x=-139, y=232, z=-245}
[22:44:09] [Server thread/WARN]: Mismatch in destroy block pos: BlockPos{x=0, y=0, z=0} BlockPos{x=-138, y=232, z=-245}
[22:44:11] [Server thread/WARN]: Mismatch in destroy block pos: BlockPos{x=0, y=0, z=0} BlockPos{x=-131, y=232, z=-245}
[22:44:11] [Server thread/WARN]: Mismatch in destroy block pos: BlockPos{x=0, y=0, z=0} BlockPos{x=-131, y=232, z=-245}
[22:44:12] [Server thread/WARN]: Mismatch in destroy block pos: BlockPos{x=0, y=0, z=0} BlockPos{x=-131, y=232, z=-245}
[22:44:25] [Server thread/WARN]: Mismatch in destroy block pos: BlockPos{x=0, y=0, z=0} BlockPos{x=-130, y=231, z=-255}
[22:44:25] [Server thread/WARN]: Mismatch in destroy block pos: BlockPos{x=0, y=0, z=0} BlockPos{x=-130, y=231, z=-255}
[22:44:25] [Server thread/WARN]: Mismatch in destroy block pos: BlockPos{x=0, y=0, z=0} BlockPos{x=-130, y=231, z=-254}
[22:44:25] [Server thread/WARN]: Mismatch in destroy block pos: BlockPos{x=0, y=0, z=0} BlockPos{x=-130, y=231, z=-254}
[22:44:25] [Server thread/WARN]: Mismatch in destroy block pos: BlockPos{x=0, y=0, z=0} BlockPos{x=-130, y=231, z=-254}
[22:44:27] [Server thread/WARN]: Mismatch in destroy block pos: BlockPos{x=0, y=0, z=0} BlockPos{x=-139, y=230, z=-254}
[22:44:27] [Server thread/WARN]: Mismatch in destroy block pos: BlockPos{x=0, y=0, z=0} BlockPos{x=-130, y=231, z=-254}
[22:44:27] [Server thread/WARN]: Mismatch in destroy block pos: BlockPos{x=0, y=0, z=0} BlockPos{x=-132, y=230, z=-254}
[22:44:28] [Server thread/WARN]: Mismatch in destroy block pos: BlockPos{x=0, y=0, z=0} BlockPos{x=-139, y=230, z=-255}
[22:44:28] [Server thread/WARN]: Mismatch in destroy block pos: BlockPos{x=0, y=0, z=0} BlockPos{x=-141, y=230, z=-256}
[22:44:28] [Server thread/WARN]: Mismatch in destroy block pos: BlockPos{x=0, y=0, z=0} BlockPos{x=-142, y=230, z=-256}
[22:44:28] [Server thread/WARN]: Mismatch in destroy block pos: BlockPos{x=0, y=0, z=0} BlockPos{x=-135, y=230, z=-254}
[22:44:28] [Server thread/WARN]: Mismatch in destroy block pos: BlockPos{x=0, y=0, z=0} BlockPos{x=-143, y=230, z=-256}
[22:44:28] [Server thread/WARN]: Mismatch in destroy block pos: BlockPos{x=0, y=0, z=0} BlockPos{x=-145, y=230, z=-257}
[22:44:29] [Server thread/WARN]: Mismatch in destroy block pos: BlockPos{x=0, y=0, z=0} BlockPos{x=-145, y=230, z=-258}
[22:44:29] [Server thread/WARN]: Mismatch in destroy block pos: BlockPos{x=0, y=0, z=0} BlockPos{x=-146, y=230, z=-258}
[22:44:29] [Server thread/WARN]: Mismatch in destroy block pos: BlockPos{x=0, y=0, z=0} BlockPos{x=-146, y=230, z=-259}
[22:44:32] [Server thread/WARN]: Mismatch in destroy block pos: BlockPos{x=0, y=0, z=0} BlockPos{x=-145, y=232, z=-262}
[22:44:32] [Server thread/WARN]: Mismatch in destroy block pos: BlockPos{x=0, y=0, z=0} BlockPos{x=-146, y=232, z=-262}
[22:44:33] [Server thread/WARN]: Mismatch in destroy block pos: BlockPos{x=0, y=0, z=0} BlockPos{x=-145, y=232, z=-262}
[22:44:33] [Server thread/WARN]: Mismatch in destroy block pos: BlockPos{x=0, y=0, z=0} BlockPos{x=-142, y=230, z=-260}
[22:44:33] [Server thread/WARN]: Mismatch in destroy block pos: BlockPos{x=0, y=0, z=0} BlockPos{x=-144, y=230, z=-261}
[22:44:36] [Server thread/WARN]: Mismatch in destroy block pos: BlockPos{x=0, y=0, z=0} BlockPos{x=-142, y=231, z=-262}
[22:44:36] [Server thread/WARN]: Mismatch in destroy block pos: BlockPos{x=0, y=0, z=0} BlockPos{x=-143, y=232, z=-262}
[22:44:36] [Server thread/WARN]: Mismatch in destroy block pos: BlockPos{x=0, y=0, z=0} BlockPos{x=-144, y=232, z=-262}
[22:44:36] [Server thread/WARN]: Mismatch in destroy block pos: BlockPos{x=0, y=0, z=0} BlockPos{x=-144, y=232, z=-262}
[22:44:36] [Server thread/WARN]: Mismatch in destroy block pos: BlockPos{x=0, y=0, z=0} BlockPos{x=-143, y=233, z=-262}
[22:44:37] [Server thread/WARN]: Mismatch in destroy block pos: BlockPos{x=0, y=0, z=0} BlockPos{x=-143, y=232, z=-262}
[22:44:38] [Server thread/WARN]: Mismatch in destroy block pos: BlockPos{x=0, y=0, z=0} BlockPos{x=-145, y=232, z=-262}
[22:44:38] [Server thread/WARN]: Mismatch in destroy block pos: BlockPos{x=0, y=0, z=0} BlockPos{x=-145, y=233, z=-262}
[22:44:38] [Server thread/WARN]: Mismatch in destroy block pos: BlockPos{x=0, y=0, z=0} BlockPos{x=-146, y=232, z=-262}
[22:44:38] [Server thread/WARN]: Mismatch in destroy block pos: BlockPos{x=0, y=0, z=0} BlockPos{x=-145, y=231, z=-262}
[22:44:39] [Server thread/WARN]: Mismatch in destroy block pos: BlockPos{x=0, y=0, z=0} BlockPos{x=-145, y=233, z=-262}
[22:44:39] [Server thread/WARN]: Mismatch in destroy block pos: BlockPos{x=0, y=0, z=0} BlockPos{x=-144, y=233, z=-262}
[22:44:40] [Server thread/WARN]: Mismatch in destroy block pos: BlockPos{x=0, y=0, z=0} BlockPos{x=-145, y=232, z=-262}
[22:44:40] [Server thread/WARN]: Mismatch in destroy block pos: BlockPos{x=0, y=0, z=0} BlockPos{x=-144, y=233, z=-262}
[22:44:48] [Server thread/WARN]: Mismatch in destroy block pos: BlockPos{x=0, y=0, z=0} BlockPos{x=-145, y=232, z=-262}
[22:44:52] [Server thread/WARN]: Mismatch in destroy block pos: BlockPos{x=0, y=0, z=0} BlockPos{x=-148, y=231, z=-262}
[22:44:53] [Server thread/WARN]: Mismatch in destroy block pos: BlockPos{x=0, y=0, z=0} BlockPos{x=-147, y=232, z=-262}
[22:44:55] [Server thread/INFO]: [[ADMIN] Thes912: Created team [3]]
[22:45:08] [Server thread/WARN]: Mismatch in destroy block pos: BlockPos{x=0, y=0, z=0} BlockPos{x=-134, y=232, z=-262}
[22:45:08] [Server thread/WARN]: Mismatch in destroy block pos: BlockPos{x=0, y=0, z=0} BlockPos{x=-134, y=232, z=-262}
[22:45:08] [Server thread/WARN]: Mismatch in destroy block pos: BlockPos{x=0, y=0, z=0} BlockPos{x=-133, y=232, z=-262}
[22:45:08] [Server thread/WARN]: Mismatch in destroy block pos: BlockPos{x=0, y=0, z=0} BlockPos{x=-133, y=232, z=-262}
[22:45:09] [Server thread/INFO]: [[ADMIN] Thes912: Added 8GONZO8 to team [3]]
[22:45:11] [Server thread/WARN]: Mismatch in destroy block pos: BlockPos{x=-183, y=101, z=52} BlockPos{x=-135, y=230, z=-261}
[22:45:11] [Server thread/WARN]: Mismatch in destroy block pos: BlockPos{x=-183, y=101, z=52} BlockPos{x=-139, y=230, z=-258}
[22:45:13] [Server thread/INFO]: [[ADMIN] Thes912: Added Luzgama to team [3]]
[22:45:15] [Server thread/WARN]: Mismatch in destroy block pos: BlockPos{x=0, y=0, z=0} BlockPos{x=-135, y=232, z=-245}
[22:45:18] [Server thread/WARN]: Mismatch in destroy block pos: BlockPos{x=0, y=0, z=0} BlockPos{x=-146, y=230, z=-259}
[22:45:19] [Server thread/WARN]: Mismatch in destroy block pos: BlockPos{x=0, y=0, z=0} BlockPos{x=-148, y=230, z=-258}
[22:45:19] [Server thread/WARN]: Mismatch in destroy block pos: BlockPos{x=0, y=0, z=0} BlockPos{x=-146, y=230, z=-260}
[22:45:19] [Server thread/WARN]: Mismatch in destroy block pos: BlockPos{x=0, y=0, z=0} BlockPos{x=-144, y=230, z=-260}
[22:45:26] [Server thread/WARN]: Mismatch in destroy block pos: BlockPos{x=0, y=0, z=0} BlockPos{x=-131, y=230, z=-258}
[22:45:27] [Server thread/WARN]: Mismatch in destroy block pos: BlockPos{x=0, y=0, z=0} BlockPos{x=-146, y=231, z=-262}
[22:45:27] [Server thread/WARN]: Mismatch in destroy block pos: BlockPos{x=0, y=0, z=0} BlockPos{x=-146, y=231, z=-262}
[22:45:32] [Server thread/WARN]: Mismatch in destroy block pos: BlockPos{x=-183, y=101, z=52} BlockPos{x=-149, y=230, z=-256}
[22:45:32] [Server thread/WARN]: Mismatch in destroy block pos: BlockPos{x=-183, y=101, z=52} BlockPos{x=-151, y=233, z=-255}
[22:45:32] [Server thread/INFO]: [[ADMIN] Thes912: Removed Luzgama from any team]
[22:45:34] [Server thread/WARN]: Mismatch in destroy block pos: BlockPos{x=0, y=0, z=0} BlockPos{x=-130, y=232, z=-257}
[22:45:34] [Server thread/WARN]: Mismatch in destroy block pos: BlockPos{x=0, y=0, z=0} BlockPos{x=-131, y=232, z=-262}
[22:45:35] [Server thread/WARN]: Mismatch in destroy block pos: BlockPos{x=-183, y=101, z=52} BlockPos{x=-148, y=232, z=-245}
[22:45:38] [Server thread/WARN]: Mismatch in destroy block pos: BlockPos{x=-183, y=101, z=52} BlockPos{x=-136, y=232, z=-245}
[22:45:38] [Server thread/WARN]: Mismatch in destroy block pos: BlockPos{x=-183, y=101, z=52} BlockPos{x=-141, y=230, z=-246}
[22:45:38] [Server thread/WARN]: Mismatch in destroy block pos: BlockPos{x=-183, y=101, z=52} BlockPos{x=-141, y=231, z=-245}
[22:45:40] [Server thread/INFO]: [[ADMIN] Thes912: Added Kiosrel to team [3]]
[22:45:41] [Server thread/WARN]: Mismatch in destroy block pos: BlockPos{x=-183, y=101, z=52} BlockPos{x=-151, y=232, z=-249}
[22:45:55] [Server thread/WARN]: Mismatch in destroy block pos: BlockPos{x=0, y=0, z=0} BlockPos{x=-139, y=234, z=-262}
[22:46:01] [Server thread/WARN]: Mismatch in destroy block pos: BlockPos{x=0, y=0, z=0} BlockPos{x=-146, y=230, z=-257}
[22:46:01] [Server thread/WARN]: Mismatch in destroy block pos: BlockPos{x=0, y=0, z=0} BlockPos{x=-147, y=230, z=-259}
[22:46:04] [Server thread/WARN]: Mismatch in destroy block pos: BlockPos{x=0, y=0, z=0} BlockPos{x=-151, y=232, z=-249}
[22:46:04] [Server thread/WARN]: Mismatch in destroy block pos: BlockPos{x=0, y=0, z=0} BlockPos{x=-151, y=231, z=-249}
[22:46:05] [Server thread/WARN]: Mismatch in destroy block pos: BlockPos{x=0, y=0, z=0} BlockPos{x=-149, y=231, z=-245}
[22:46:05] [Server thread/WARN]: Mismatch in destroy block pos: BlockPos{x=0, y=0, z=0} BlockPos{x=-148, y=231, z=-245}
[22:46:05] [Server thread/WARN]: Mismatch in destroy block pos: BlockPos{x=0, y=0, z=0} BlockPos{x=-149, y=231, z=-245}
[22:46:05] [Server thread/WARN]: Mismatch in destroy block pos: BlockPos{x=0, y=0, z=0} BlockPos{x=-147, y=230, z=-253}
[22:46:05] [Server thread/WARN]: Mismatch in destroy block pos: BlockPos{x=0, y=0, z=0} BlockPos{x=-150, y=231, z=-245}
[22:46:06] [Server thread/WARN]: Mismatch in destroy block pos: BlockPos{x=0, y=0, z=0} BlockPos{x=-144, y=230, z=-255}
[22:46:06] [Server thread/WARN]: Mismatch in destroy block pos: BlockPos{x=0, y=0, z=0} BlockPos{x=-151, y=232, z=-247}
[22:46:06] [Server thread/WARN]: Mismatch in destroy block pos: BlockPos{x=0, y=0, z=0} BlockPos{x=-151, y=232, z=-247}
[22:46:06] [Server thread/WARN]: Mismatch in destroy block pos: BlockPos{x=0, y=0, z=0} BlockPos{x=-151, y=232, z=-246}
[22:46:07] [Server thread/INFO]: [[ADMIN] Thes912: Created team [4]]
[22:46:07] [Server thread/WARN]: Mismatch in destroy block pos: BlockPos{x=0, y=0, z=0} BlockPos{x=-151, y=233, z=-246}
[22:46:07] [Server thread/WARN]: Mismatch in destroy block pos: BlockPos{x=0, y=0, z=0} BlockPos{x=-150, y=233, z=-245}
[22:46:07] [Server thread/WARN]: Mismatch in destroy block pos: BlockPos{x=0, y=0, z=0} BlockPos{x=-150, y=233, z=-245}
[22:46:07] [Server thread/WARN]: Mismatch in destroy block pos: BlockPos{x=0, y=0, z=0} BlockPos{x=-149, y=233, z=-245}
[22:46:07] [Server thread/WARN]: Mismatch in destroy block pos: BlockPos{x=0, y=0, z=0} BlockPos{x=-149, y=232, z=-245}
[22:46:07] [Server thread/WARN]: Mismatch in destroy block pos: BlockPos{x=0, y=0, z=0} BlockPos{x=-148, y=231, z=-245}
[22:46:08] [Server thread/WARN]: Mismatch in destroy block pos: BlockPos{x=0, y=0, z=0} BlockPos{x=-142, y=232, z=-245}
[22:46:09] [Server thread/INFO]: [[ADMIN] Thes912: Added _Bela to team [4]]
[22:46:10] [Server thread/WARN]: Mismatch in destroy block pos: BlockPos{x=0, y=0, z=0} BlockPos{x=-140, y=233, z=-245}
[22:46:10] [Server thread/WARN]: Mismatch in destroy block pos: BlockPos{x=0, y=0, z=0} BlockPos{x=-141, y=232, z=-245}
[22:46:10] [Server thread/WARN]: Mismatch in destroy block pos: BlockPos{x=0, y=0, z=0} BlockPos{x=-141, y=233, z=-245}
[22:46:11] [Server thread/WARN]: Mismatch in destroy block pos: BlockPos{x=0, y=0, z=0} BlockPos{x=-141, y=233, z=-245}
[22:46:11] [Server thread/WARN]: Mismatch in destroy block pos: BlockPos{x=0, y=0, z=0} BlockPos{x=-141, y=233, z=-245}
[22:46:11] [Server thread/WARN]: Mismatch in destroy block pos: BlockPos{x=0, y=0, z=0} BlockPos{x=-151, y=231, z=-247}
[22:46:11] [Server thread/WARN]: Mismatch in destroy block pos: BlockPos{x=0, y=0, z=0} BlockPos{x=-141, y=232, z=-245}
[22:46:12] [Server thread/WARN]: Mismatch in destroy block pos: BlockPos{x=0, y=0, z=0} BlockPos{x=-135, y=233, z=-262}
[22:46:12] [Server thread/INFO]: Pepo2804 lost connection: Disconnected
[22:46:12] [Server thread/INFO]: [Equipo 2] Pepo2804 left the game
[22:46:12] [Server thread/INFO]: [voicechat] Disconnecting client Pepo2804
[22:46:13] [Server thread/INFO]: [[ADMIN] Thes912: Added Nutria_gamer to team [4]]
[22:46:15] [Server thread/WARN]: Mismatch in destroy block pos: BlockPos{x=0, y=0, z=0} BlockPos{x=-148, y=230, z=-260}
[22:46:15] [Server thread/WARN]: Mismatch in destroy block pos: BlockPos{x=0, y=0, z=0} BlockPos{x=-146, y=230, z=-252}
[22:46:16] [Server thread/WARN]: Mismatch in destroy block pos: BlockPos{x=0, y=0, z=0} BlockPos{x=-146, y=232, z=-262}
[22:46:16] [Server thread/WARN]: Mismatch in destroy block pos: BlockPos{x=0, y=0, z=0} BlockPos{x=-146, y=232, z=-262}
[22:46:16] [Server thread/WARN]: Mismatch in destroy block pos: BlockPos{x=0, y=0, z=0} BlockPos{x=-151, y=232, z=-246}
[22:46:16] [Server thread/WARN]: Mismatch in destroy block pos: BlockPos{x=0, y=0, z=0} BlockPos{x=-150, y=231, z=-245}
[22:46:17] [Server thread/WARN]: Mismatch in destroy block pos: BlockPos{x=0, y=0, z=0} BlockPos{x=-141, y=230, z=-246}
[22:46:17] [Server thread/WARN]: Mismatch in destroy block pos: BlockPos{x=0, y=0, z=0} BlockPos{x=-148, y=232, z=-245}
[22:46:26] [Server thread/WARN]: Mismatch in destroy block pos: BlockPos{x=0, y=0, z=0} BlockPos{x=-144, y=230, z=-252}
[22:46:26] [Server thread/WARN]: Mismatch in destroy block pos: BlockPos{x=0, y=0, z=0} BlockPos{x=-143, y=230, z=-255}
[22:46:27] [Server thread/WARN]: Mismatch in destroy block pos: BlockPos{x=0, y=0, z=0} BlockPos{x=-143, y=230, z=-256}
[22:46:27] [Server thread/WARN]: Mismatch in destroy block pos: BlockPos{x=0, y=0, z=0} BlockPos{x=-143, y=230, z=-257}
[22:46:27] [Server thread/WARN]: Mismatch in destroy block pos: BlockPos{x=0, y=0, z=0} BlockPos{x=-143, y=230, z=-258}
[22:46:28] [Server thread/INFO]: [[ADMIN] Thes912: Added KoreZ to team [4]]
[22:46:29] [Server thread/WARN]: Mismatch in destroy block pos: BlockPos{x=0, y=0, z=0} BlockPos{x=-144, y=230, z=-258}
[22:46:29] [Server thread/WARN]: Mismatch in destroy block pos: BlockPos{x=0, y=0, z=0} BlockPos{x=-143, y=230, z=-256}
[22:46:29] [Server thread/WARN]: Mismatch in destroy block pos: BlockPos{x=0, y=0, z=0} BlockPos{x=-143, y=230, z=-255}
[22:46:29] [Server thread/WARN]: Mismatch in destroy block pos: BlockPos{x=0, y=0, z=0} BlockPos{x=-142, y=230, z=-255}
[22:46:31] [Server thread/INFO]: [Luzgama: Skin changed]
[22:46:32] [Server thread/INFO]: NovoaCol lost connection: Disconnected
[22:46:32] [Server thread/INFO]: [Equipo 2] NovoaCol left the game
[22:46:32] [Server thread/INFO]: [voicechat] Disconnecting client NovoaCol
[22:46:40] [Server thread/INFO]: Pepo2804[/100.110.172.1:60480] logged in with entity id 2945 at (-135.56257103878383, 231.0, -259.91127653505987)
[22:46:40] [Server thread/INFO]: [Equipo 2] Pepo2804 joined the game
[22:46:46] [Server thread/WARN]: Mismatch in destroy block pos: BlockPos{x=0, y=0, z=0} BlockPos{x=-146, y=230, z=-252}
[22:46:46] [Server thread/WARN]: Mismatch in destroy block pos: BlockPos{x=0, y=0, z=0} BlockPos{x=-145, y=230, z=-251}
[22:46:46] [Server thread/WARN]: Mismatch in destroy block pos: BlockPos{x=0, y=0, z=0} BlockPos{x=-145, y=230, z=-251}
[22:46:47] [Server thread/WARN]: Mismatch in destroy block pos: BlockPos{x=0, y=0, z=0} BlockPos{x=-144, y=230, z=-251}
[22:46:47] [Server thread/WARN]: Mismatch in destroy block pos: BlockPos{x=0, y=0, z=0} BlockPos{x=-143, y=230, z=-250}
[22:46:49] [Server thread/INFO]: LaCerdita69[/100.86.33.105:49722] logged in with entity id 2946 at (-140.09919247200423, 231.0, -252.30836666175696)
[22:46:49] [Server thread/INFO]: LaCerdita69 joined the game
[22:46:49] [Server thread/INFO]: [voicechat] Received secret request of LaCerdita69 (20)
[22:46:49] [Server thread/INFO]: [voicechat] Sent secret to LaCerdita69
[22:46:50] [VoiceChatPacketProcessingThread/INFO]: [voicechat] Successfully authenticated player 87d39db5-da05-32f8-af27-e2fadb2dfbd9
[22:46:50] [Server thread/WARN]: Mismatch in destroy block pos: BlockPos{x=0, y=0, z=0} BlockPos{x=-139, y=234, z=-262}
[22:46:50] [Server thread/WARN]: Mismatch in destroy block pos: BlockPos{x=0, y=0, z=0} BlockPos{x=-139, y=234, z=-262}
[22:46:50] [Server thread/WARN]: Mismatch in destroy block pos: BlockPos{x=0, y=0, z=0} BlockPos{x=-139, y=234, z=-262}
[22:46:51] [VoiceChatPacketProcessingThread/INFO]: [voicechat] Successfully validated connection of player 87d39db5-da05-32f8-af27-e2fadb2dfbd9
[22:46:51] [VoiceChatPacketProcessingThread/INFO]: [voicechat] Player LaCerdita69 (87d39db5-da05-32f8-af27-e2fadb2dfbd9) successfully connected to voice chat
[22:46:51] [Server thread/WARN]: Mismatch in destroy block pos: BlockPos{x=0, y=0, z=0} BlockPos{x=-140, y=234, z=-262}
[22:46:51] [Server thread/WARN]: Mismatch in destroy block pos: BlockPos{x=0, y=0, z=0} BlockPos{x=-140, y=234, z=-262}
[22:46:51] [Server thread/WARN]: Mismatch in destroy block pos: BlockPos{x=0, y=0, z=0} BlockPos{x=-140, y=234, z=-262}
[22:46:52] [Server thread/WARN]: Mismatch in destroy block pos: BlockPos{x=0, y=0, z=0} BlockPos{x=-140, y=234, z=-262}
[22:46:52] [Server thread/WARN]: Mismatch in destroy block pos: BlockPos{x=0, y=0, z=0} BlockPos{x=-140, y=234, z=-262}
[22:46:52] [Server thread/WARN]: Mismatch in destroy block pos: BlockPos{x=0, y=0, z=0} BlockPos{x=-140, y=234, z=-262}
[22:46:52] [Server thread/WARN]: Mismatch in destroy block pos: BlockPos{x=0, y=0, z=0} BlockPos{x=-139, y=234, z=-262}
[22:46:52] [Server thread/WARN]: Mismatch in destroy block pos: BlockPos{x=0, y=0, z=0} BlockPos{x=-139, y=234, z=-262}
[22:46:52] [Server thread/WARN]: Mismatch in destroy block pos: BlockPos{x=0, y=0, z=0} BlockPos{x=-139, y=234, z=-262}
[22:46:52] [Server thread/WARN]: Mismatch in destroy block pos: BlockPos{x=0, y=0, z=0} BlockPos{x=-139, y=234, z=-262}
[22:46:53] [Server thread/WARN]: Mismatch in destroy block pos: BlockPos{x=0, y=0, z=0} BlockPos{x=-139, y=234, z=-262}
[22:46:53] [Server thread/WARN]: Mismatch in destroy block pos: BlockPos{x=0, y=0, z=0} BlockPos{x=-139, y=234, z=-262}
[22:46:54] [Server thread/WARN]: Mismatch in destroy block pos: BlockPos{x=0, y=0, z=0} BlockPos{x=-139, y=234, z=-262}
[22:46:55] [Server thread/WARN]: Mismatch in destroy block pos: BlockPos{x=0, y=0, z=0} BlockPos{x=-139, y=234, z=-262}
[22:46:55] [Server thread/WARN]: Mismatch in destroy block pos: BlockPos{x=0, y=0, z=0} BlockPos{x=-139, y=234, z=-262}
[22:46:56] [Server thread/WARN]: Mismatch in destroy block pos: BlockPos{x=0, y=0, z=0} BlockPos{x=-138, y=230, z=-254}
[22:46:57] [Server thread/WARN]: Mismatch in destroy block pos: BlockPos{x=0, y=0, z=0} BlockPos{x=-144, y=230, z=-257}
[22:46:58] [Server thread/WARN]: Mismatch in destroy block pos: BlockPos{x=0, y=0, z=0} BlockPos{x=-144, y=230, z=-257}
[22:46:58] [Server thread/WARN]: Mismatch in destroy block pos: BlockPos{x=0, y=0, z=0} BlockPos{x=-144, y=230, z=-257}
[22:46:58] [Server thread/WARN]: Mismatch in destroy block pos: BlockPos{x=0, y=0, z=0} BlockPos{x=-144, y=230, z=-257}
[22:47:01] [Server thread/WARN]: Mismatch in destroy block pos: BlockPos{x=0, y=0, z=0} BlockPos{x=-142, y=232, z=-262}
[22:47:02] [Server thread/WARN]: Mismatch in destroy block pos: BlockPos{x=-183, y=101, z=52} BlockPos{x=-145, y=230, z=-251}
[22:47:03] [Server thread/WARN]: Mismatch in destroy block pos: BlockPos{x=-183, y=101, z=52} BlockPos{x=-148, y=230, z=-251}
[22:47:03] [Server thread/WARN]: Mismatch in destroy block pos: BlockPos{x=-183, y=101, z=52} BlockPos{x=-149, y=230, z=-251}
[22:47:03] [Server thread/WARN]: Mismatch in destroy block pos: BlockPos{x=-183, y=101, z=52} BlockPos{x=-150, y=230, z=-251}
[22:47:09] [Server thread/INFO]: [Luzgama: No skin changes]
[22:47:11] [Server thread/WARN]: Mismatch in destroy block pos: BlockPos{x=0, y=0, z=0} BlockPos{x=-135, y=230, z=-256}
[22:47:11] [Server thread/WARN]: Mismatch in destroy block pos: BlockPos{x=0, y=0, z=0} BlockPos{x=-138, y=230, z=-252}
[22:47:11] [Server thread/WARN]: Mismatch in destroy block pos: BlockPos{x=0, y=0, z=0} BlockPos{x=-138, y=230, z=-253}
[22:47:11] [Server thread/WARN]: Mismatch in destroy block pos: BlockPos{x=0, y=0, z=0} BlockPos{x=-137, y=230, z=-253}
[22:47:11] [Server thread/WARN]: Mismatch in destroy block pos: BlockPos{x=0, y=0, z=0} BlockPos{x=-136, y=230, z=-255}
[22:47:11] [Server thread/WARN]: Mismatch in destroy block pos: BlockPos{x=0, y=0, z=0} BlockPos{x=-136, y=230, z=-256}
[22:47:12] [Server thread/WARN]: Mismatch in destroy block pos: BlockPos{x=0, y=0, z=0} BlockPos{x=-136, y=230, z=-257}
[22:47:12] [Server thread/WARN]: Mismatch in destroy block pos: BlockPos{x=0, y=0, z=0} BlockPos{x=-138, y=231, z=-262}
[22:47:13] [Server thread/WARN]: Mismatch in destroy block pos: BlockPos{x=0, y=0, z=0} BlockPos{x=-139, y=234, z=-262}
[22:47:13] [Server thread/WARN]: Mismatch in destroy block pos: BlockPos{x=0, y=0, z=0} BlockPos{x=-139, y=233, z=-262}
[22:47:13] [Server thread/INFO]: SlitoMC lost connection: Disconnected
[22:47:13] [Server thread/INFO]: [LOS 554] SlitoMC left the game
[22:47:13] [Server thread/INFO]: [voicechat] Disconnecting client SlitoMC
[22:47:14] [Server thread/INFO]: [Luzgama: Skin changed]
[22:47:18] [Server thread/WARN]: Mismatch in destroy block pos: BlockPos{x=0, y=0, z=0} BlockPos{x=-151, y=232, z=-249}
[22:47:18] [Server thread/WARN]: Mismatch in destroy block pos: BlockPos{x=0, y=0, z=0} BlockPos{x=-151, y=231, z=-250}
[22:47:18] [Server thread/WARN]: Mismatch in destroy block pos: BlockPos{x=0, y=0, z=0} BlockPos{x=-151, y=231, z=-250}
[22:47:18] [Server thread/WARN]: Mismatch in destroy block pos: BlockPos{x=0, y=0, z=0} BlockPos{x=-151, y=232, z=-250}
[22:47:19] [Server thread/WARN]: Mismatch in destroy block pos: BlockPos{x=0, y=0, z=0} BlockPos{x=-151, y=233, z=-250}
[22:47:20] [Server thread/WARN]: Mismatch in destroy block pos: BlockPos{x=0, y=0, z=0} BlockPos{x=-137, y=230, z=-255}
[22:47:20] [Server thread/INFO]: [[ADMIN] Thes912: Teleported 16 entities to Cax_T]
[22:47:23] [Server thread/WARN]: Mismatch in destroy block pos: BlockPos{x=0, y=0, z=0} BlockPos{x=-139, y=231, z=-262}
[22:47:24] [Server thread/INFO]: [[ADMIN] Thes912: Removed 1 item(s) from 16 players]
[22:47:25] [Server thread/INFO]: SulfurYT[/100.65.63.13:57389] logged in with entity id 2964 at (-132.7275717559776, 231.0, -249.8151444058957)
[22:47:25] [Server thread/INFO]: SulfurYT joined the game
[22:47:26] [Server thread/INFO]: [voicechat] Received secret request of SulfurYT (20)
[22:47:26] [Server thread/INFO]: [voicechat] Sent secret to SulfurYT
[22:47:26] [Server thread/WARN]: Mismatch in destroy block pos: BlockPos{x=0, y=0, z=0} BlockPos{x=-138, y=230, z=-252}
[22:47:26] [VoiceChatPacketProcessingThread/INFO]: [voicechat] Successfully authenticated player 80ecb5c7-c815-379b-bf25-a5c3b5591d20
[22:47:27] [VoiceChatPacketProcessingThread/INFO]: [voicechat] Successfully validated connection of player 80ecb5c7-c815-379b-bf25-a5c3b5591d20
[22:47:27] [VoiceChatPacketProcessingThread/INFO]: [voicechat] Player SulfurYT (80ecb5c7-c815-379b-bf25-a5c3b5591d20) successfully connected to voice chat
[22:47:31] [Server thread/INFO]: [Luzgama: Skin changed]
[22:47:42] [Server thread/INFO]: Alex554[/100.80.21.63:64078] logged in with entity id 2999 at (-131.77032424586505, 231.0, -255.16406970088488)
[22:47:42] [Server thread/INFO]: Alex554 joined the game
[22:47:42] [Server thread/WARN]: Mismatch in destroy block pos: BlockPos{x=0, y=0, z=0} BlockPos{x=-142, y=230, z=-250}
[22:47:42] [Server thread/INFO]: [voicechat] Received secret request of Alex554 (20)
[22:47:42] [Server thread/INFO]: [voicechat] Sent secret to Alex554
[22:47:43] [VoiceChatPacketProcessingThread/INFO]: [voicechat] Successfully authenticated player 32fc722a-25a5-3790-83ab-fe31be1c1b85
[22:47:43] [Server thread/INFO]: [[ADMIN] Thes912: Created team [5]]
[22:47:44] [VoiceChatPacketProcessingThread/INFO]: [voicechat] Successfully validated connection of player 32fc722a-25a5-3790-83ab-fe31be1c1b85
[22:47:44] [VoiceChatPacketProcessingThread/INFO]: [voicechat] Player Alex554 (32fc722a-25a5-3790-83ab-fe31be1c1b85) successfully connected to voice chat
[22:47:45] [Server thread/WARN]: Mismatch in destroy block pos: BlockPos{x=0, y=0, z=0} BlockPos{x=-141, y=230, z=-257}
[22:47:45] [Server thread/WARN]: Mismatch in destroy block pos: BlockPos{x=0, y=0, z=0} BlockPos{x=-137, y=230, z=-250}
[22:47:46] [Server thread/WARN]: Mismatch in destroy block pos: BlockPos{x=0, y=0, z=0} BlockPos{x=-139, y=230, z=-252}
[22:47:47] [Server thread/WARN]: Mismatch in destroy block pos: BlockPos{x=0, y=0, z=0} BlockPos{x=-139, y=230, z=-251}
[22:47:47] [Server thread/WARN]: Mismatch in destroy block pos: BlockPos{x=0, y=0, z=0} BlockPos{x=-140, y=230, z=-252}
[22:47:50] [Server thread/INFO]: [[ADMIN] Thes912: Teleported Alex554 to [ADMIN] Thes912]
[22:47:50] [Server thread/WARN]: Mismatch in destroy block pos: BlockPos{x=0, y=0, z=0} BlockPos{x=-130, y=231, z=-254}
[22:47:50] [Server thread/WARN]: Mismatch in destroy block pos: BlockPos{x=0, y=0, z=0} BlockPos{x=-130, y=231, z=-254}
[22:47:50] [Server thread/WARN]: Mismatch in destroy block pos: BlockPos{x=0, y=0, z=0} BlockPos{x=-130, y=231, z=-254}
[22:47:50] [Server thread/WARN]: Mismatch in destroy block pos: BlockPos{x=0, y=0, z=0} BlockPos{x=-130, y=231, z=-254}
[22:47:51] [Server thread/WARN]: Mismatch in destroy block pos: BlockPos{x=0, y=0, z=0} BlockPos{x=-130, y=231, z=-254}
[22:47:51] [Server thread/WARN]: Mismatch in destroy block pos: BlockPos{x=0, y=0, z=0} BlockPos{x=-130, y=231, z=-255}
[22:47:51] [Server thread/WARN]: Mismatch in destroy block pos: BlockPos{x=0, y=0, z=0} BlockPos{x=-130, y=231, z=-255}
[22:47:51] [Server thread/WARN]: Mismatch in destroy block pos: BlockPos{x=0, y=0, z=0} BlockPos{x=-131, y=230, z=-253}
[22:47:51] [Server thread/WARN]: Mismatch in destroy block pos: BlockPos{x=0, y=0, z=0} BlockPos{x=-133, y=230, z=-253}
[22:47:56] [Server thread/INFO]: [[ADMIN] Thes912: Set minecraft:overworld to 0 tick(s)]
[22:47:56] [Server thread/INFO]: Luzgama lost connection: Disconnected
[22:47:56] [Server thread/INFO]: Luzgama left the game
[22:47:56] [Server thread/INFO]: [voicechat] Disconnecting client Luzgama
[22:47:59] [Server thread/WARN]: Mismatch in destroy block pos: BlockPos{x=0, y=0, z=0} BlockPos{x=-146, y=230, z=-259}
[22:47:59] [Server thread/WARN]: Mismatch in destroy block pos: BlockPos{x=0, y=0, z=0} BlockPos{x=-146, y=230, z=-260}
[22:48:02] [Server thread/WARN]: Mismatch in destroy block pos: BlockPos{x=0, y=0, z=0} BlockPos{x=-139, y=230, z=-258}
[22:48:02] [Server thread/WARN]: Mismatch in destroy block pos: BlockPos{x=0, y=0, z=0} BlockPos{x=-139, y=230, z=-260}
[22:48:03] [Server thread/WARN]: Mismatch in destroy block pos: BlockPos{x=0, y=0, z=0} BlockPos{x=-143, y=230, z=-252}
[22:48:03] [Server thread/WARN]: Mismatch in destroy block pos: BlockPos{x=0, y=0, z=0} BlockPos{x=-144, y=230, z=-252}
[22:48:03] [Server thread/WARN]: Mismatch in destroy block pos: BlockPos{x=0, y=0, z=0} BlockPos{x=-145, y=230, z=-252}
[22:48:03] [Server thread/WARN]: Mismatch in destroy block pos: BlockPos{x=0, y=0, z=0} BlockPos{x=-146, y=230, z=-252}
[22:48:03] [Server thread/WARN]: Mismatch in destroy block pos: BlockPos{x=0, y=0, z=0} BlockPos{x=-146, y=230, z=-253}
[22:48:04] [Server thread/WARN]: Mismatch in destroy block pos: BlockPos{x=0, y=0, z=0} BlockPos{x=-144, y=230, z=-254}
[22:48:04] [Server thread/WARN]: Mismatch in destroy block pos: BlockPos{x=0, y=0, z=0} BlockPos{x=-141, y=230, z=-253}
[22:48:05] [Server thread/WARN]: Mismatch in destroy block pos: BlockPos{x=0, y=0, z=0} BlockPos{x=-138, y=230, z=-256}
[22:48:05] [Server thread/WARN]: Mismatch in destroy block pos: BlockPos{x=0, y=0, z=0} BlockPos{x=-139, y=230, z=-253}
[22:48:05] [Server thread/WARN]: Mismatch in destroy block pos: BlockPos{x=0, y=0, z=0} BlockPos{x=-138, y=230, z=-253}
[22:48:05] [Server thread/WARN]: Mismatch in destroy block pos: BlockPos{x=0, y=0, z=0} BlockPos{x=-137, y=230, z=-253}
[22:48:05] [Server thread/WARN]: Mismatch in destroy block pos: BlockPos{x=0, y=0, z=0} BlockPos{x=-136, y=230, z=-253}
[22:48:05] [Server thread/WARN]: Mismatch in destroy block pos: BlockPos{x=0, y=0, z=0} BlockPos{x=-134, y=233, z=-262}
[22:48:05] [Server thread/WARN]: Mismatch in destroy block pos: BlockPos{x=0, y=0, z=0} BlockPos{x=-134, y=234, z=-262}
[22:48:17] [SkinRestorer-Fetch-35/WARN]: Failed to fetch skin 'mojang:SlitoMC'
java.lang.IllegalStateException: not found
	at knot//net.lionarius.skinrestorer.util.WebUtils.throwOnClientErrors(WebUtils.java:133)
	at knot//net.lionarius.skinrestorer.skin.provider.base.YggdrasilSkinProvider.getProfile(YggdrasilSkinProvider.java:52)
	at knot//net.lionarius.skinrestorer.skin.provider.builtin.MojangSkinProvider.access$100(MojangSkinProvider.java:19)
	at knot//net.lionarius.skinrestorer.skin.provider.builtin.MojangSkinProvider$1.findProfileByName(MojangSkinProvider.java:58)
	at knot//net.minecraft.server.players.CachedUserNameToIdResolver.lookupGameProfile(CachedUserNameToIdResolver.java:73)
	at knot//net.minecraft.server.players.CachedUserNameToIdResolver.get(CachedUserNameToIdResolver.java:134)
	at knot//net.lionarius.skinrestorer.skin.provider.builtin.MojangSkinProvider.resolveUuid(MojangSkinProvider.java:89)
	at knot//net.lionarius.skinrestorer.skin.provider.base.ProfileSkinProvider.getCacheKey(ProfileSkinProvider.java:63)
	at knot//net.lionarius.skinrestorer.skin.provider.base.ProfileSkinProvider.getCacheKey(ProfileSkinProvider.java:19)
	at knot//net.lionarius.skinrestorer.skin.provider.base.AbstractSkinProvider.fetchSkin(AbstractSkinProvider.java:51)
	at knot//net.minecraft.server.network.ServerLoginPacketListenerImpl.md776234$skinrestorer$lambda$skinrestorer$fetchSkin$0$1(ServerLoginPacketListenerImpl.java:1614)
	at java.base/java.util.Optional.map(Optional.java:260)
	at knot//net.minecraft.server.network.ServerLoginPacketListenerImpl.skinrestorer$fetchSkin(ServerLoginPacketListenerImpl.java:1614)
	at knot//net.minecraft.server.network.ServerLoginPacketListenerImpl.md776234$skinrestorer$lambda$waitForSkin$0$2(ServerLoginPacketListenerImpl.java:1592)
	at java.base/java.util.concurrent.CompletableFuture$AsyncSupply.run(CompletableFuture.java:1789)
	at java.base/java.util.concurrent.ThreadPoolExecutor.runWorker(ThreadPoolExecutor.java:1090)
	at java.base/java.util.concurrent.ThreadPoolExecutor$Worker.run(ThreadPoolExecutor.java:614)
	at java.base/java.lang.Thread.run(Thread.java:1474)
[22:48:18] [Server thread/INFO]: SlitoMC (03beec8a-510e-31d6-9fc1-e2db7695965d) lost connection: Disconnected
[22:48:21] [Server thread/INFO]: [[ADMIN] Thes912: Added [AMOG US] Cax_T to team [5]]
[22:48:23] [Server thread/INFO]: [[ADMIN] Thes912: Added [AMOG US] SulfurYT to team [5]]
[22:48:23] [Server thread/WARN]: Mismatch in destroy block pos: BlockPos{x=0, y=0, z=0} BlockPos{x=-130, y=232, z=-256}
[22:48:23] [Server thread/WARN]: Mismatch in destroy block pos: BlockPos{x=0, y=0, z=0} BlockPos{x=-130, y=232, z=-255}
[22:48:25] [Server thread/WARN]: Mismatch in destroy block pos: BlockPos{x=0, y=0, z=0} BlockPos{x=-146, y=230, z=-256}
[22:48:26] [Server thread/INFO]: [[ADMIN] Thes912: Added [AMOG US] cosoduts to team [5]]
[22:48:28] [Server thread/WARN]: Mismatch in destroy block pos: BlockPos{x=0, y=0, z=0} BlockPos{x=-149, y=230, z=-261}
[22:48:28] [Server thread/WARN]: Mismatch in destroy block pos: BlockPos{x=0, y=0, z=0} BlockPos{x=-147, y=230, z=-261}
[22:48:31] [Server thread/WARN]: Mismatch in destroy block pos: BlockPos{x=0, y=0, z=0} BlockPos{x=-144, y=232, z=-245}
[22:48:32] [Server thread/WARN]: Mismatch in destroy block pos: BlockPos{x=0, y=0, z=0} BlockPos{x=-151, y=233, z=-260}
[22:48:33] [Server thread/WARN]: Mismatch in destroy block pos: BlockPos{x=0, y=0, z=0} BlockPos{x=-151, y=232, z=-261}
[22:48:40] [Server thread/INFO]: Luzgama[/100.115.223.117:54000] logged in with entity id 3026 at (-138.7706247635792, 231.0, -250.90814115872715)
[22:48:40] [Server thread/INFO]: Luzgama joined the game
[22:48:41] [Server thread/INFO]: [voicechat] Received secret request of Luzgama (20)
[22:48:41] [Server thread/INFO]: [voicechat] Sent secret to Luzgama
[22:48:41] [VoiceChatPacketProcessingThread/INFO]: [voicechat] Successfully authenticated player f97fbb97-c9bd-3a45-8f72-37f1a90bd60a
[22:48:41] [Server thread/WARN]: Mismatch in destroy block pos: BlockPos{x=0, y=0, z=0} BlockPos{x=-142, y=230, z=-256}
[22:48:42] [VoiceChatPacketProcessingThread/INFO]: [voicechat] Successfully validated connection of player f97fbb97-c9bd-3a45-8f72-37f1a90bd60a
[22:48:42] [VoiceChatPacketProcessingThread/INFO]: [voicechat] Player Luzgama (f97fbb97-c9bd-3a45-8f72-37f1a90bd60a) successfully connected to voice chat
[22:48:44] [Server thread/WARN]: Mismatch in destroy block pos: BlockPos{x=0, y=0, z=0} BlockPos{x=-130, y=231, z=-261}
[22:48:46] [Server thread/INFO]: [[ADMIN] Thes912: Created team [6]]
[22:48:49] [Server thread/INFO]: [[ADMIN] Thes912: Added Squiell to team [6]]
[22:48:51] [Server thread/INFO]: [[ADMIN] Thes912: Added Luzgama to team [6]]
[22:48:58] [Server thread/INFO]: Alex554 lost connection: Disconnected
[22:48:58] [Server thread/INFO]: Alex554 left the game
[22:48:58] [Server thread/INFO]: [voicechat] Disconnecting client Alex554
[22:49:02] [Server thread/INFO]: [[ADMIN] Thes912: Added MayStormahh to team [6]]
[22:49:14] [Server thread/WARN]: Mismatch in destroy block pos: BlockPos{x=0, y=0, z=0} BlockPos{x=-140, y=233, z=-262}
[22:49:14] [Server thread/WARN]: Mismatch in destroy block pos: BlockPos{x=0, y=0, z=0} BlockPos{x=-141, y=231, z=-262}
[22:49:14] [Server thread/WARN]: Mismatch in destroy block pos: BlockPos{x=0, y=0, z=0} BlockPos{x=-141, y=230, z=-261}
[22:49:15] [Server thread/WARN]: Mismatch in destroy block pos: BlockPos{x=0, y=0, z=0} BlockPos{x=-140, y=230, z=-260}
[22:49:18] [Server thread/INFO]: Cax_T lost connection: Disconnected
[22:49:18] [Server thread/INFO]: [AMOGUS] Cax_T left the game
[22:49:18] [Server thread/INFO]: [voicechat] Disconnecting client Cax_T
[22:49:27] [Server thread/WARN]: Mismatch in destroy block pos: BlockPos{x=0, y=0, z=0} BlockPos{x=-140, y=230, z=-258}
[22:49:27] [Server thread/INFO]: Luzgama lost connection: Disconnected
[22:49:27] [Server thread/INFO]: Luzgama left the game
[22:49:27] [Server thread/INFO]: [voicechat] Disconnecting client Luzgama
[22:49:28] [Server thread/WARN]: Mismatch in destroy block pos: BlockPos{x=0, y=0, z=0} BlockPos{x=-141, y=230, z=-258}
[22:49:28] [Server thread/WARN]: Mismatch in destroy block pos: BlockPos{x=0, y=0, z=0} BlockPos{x=-142, y=230, z=-259}
[22:49:28] [Server thread/WARN]: Mismatch in destroy block pos: BlockPos{x=0, y=0, z=0} BlockPos{x=-142, y=230, z=-259}
[22:49:31] [Server thread/INFO]: MayStormahh lost connection: Disconnected
[22:49:31] [Server thread/INFO]: MayStormahh left the game
[22:49:31] [Server thread/INFO]: [voicechat] Disconnecting client MayStormahh
[22:49:32] [Server thread/WARN]: Mismatch in destroy block pos: BlockPos{x=0, y=0, z=0} BlockPos{x=-145, y=230, z=-253}
[22:49:32] [Server thread/WARN]: Mismatch in destroy block pos: BlockPos{x=0, y=0, z=0} BlockPos{x=-145, y=230, z=-254}
[22:49:32] [Server thread/WARN]: Mismatch in destroy block pos: BlockPos{x=0, y=0, z=0} BlockPos{x=-145, y=230, z=-255}
[22:49:34] [Server thread/WARN]: Mismatch in destroy block pos: BlockPos{x=0, y=0, z=0} BlockPos{x=-135, y=232, z=-245}
[22:49:34] [Server thread/WARN]: Mismatch in destroy block pos: BlockPos{x=0, y=0, z=0} BlockPos{x=-134, y=232, z=-245}
[22:49:34] [Server thread/INFO]: MayStormahh[/100.66.33.121:54631] logged in with entity id 3038 at (-147.28281728774348, 231.1212968405392, -249.6914455790616)
[22:49:34] [Server thread/INFO]: MayStormahh joined the game
[22:49:35] [Server thread/WARN]: Mismatch in destroy block pos: BlockPos{x=0, y=0, z=0} BlockPos{x=-151, y=232, z=-253}
[22:49:35] [Server thread/WARN]: Mismatch in destroy block pos: BlockPos{x=0, y=0, z=0} BlockPos{x=-151, y=232, z=-252}
[22:49:35] [Server thread/WARN]: Mismatch in destroy block pos: BlockPos{x=0, y=0, z=0} BlockPos{x=-151, y=232, z=-251}
[22:49:37] [Server thread/INFO]: MayStormahh lost connection: Disconnected
[22:49:37] [Server thread/INFO]: MayStormahh left the game
[22:49:37] [Server thread/INFO]: [voicechat] Disconnecting client MayStormahh
[22:49:38] [Server thread/WARN]: Mismatch in destroy block pos: BlockPos{x=0, y=0, z=0} BlockPos{x=-146, y=230, z=-256}
[22:49:39] [Server thread/INFO]: [[COMENTARISTA] IsuName_: Teleported 14 entities to [COMENTARISTA] IsuName_]
[22:49:40] [Server thread/WARN]: Mismatch in destroy block pos: BlockPos{x=0, y=0, z=0} BlockPos{x=-148, y=230, z=-254}
[22:49:40] [Server thread/WARN]: Mismatch in destroy block pos: BlockPos{x=0, y=0, z=0} BlockPos{x=-149, y=230, z=-255}
[22:49:40] [Server thread/WARN]: Mismatch in destroy block pos: BlockPos{x=0, y=0, z=0} BlockPos{x=-151, y=231, z=-255}
[22:49:41] [Server thread/WARN]: Mismatch in destroy block pos: BlockPos{x=0, y=0, z=0} BlockPos{x=-151, y=231, z=-254}
[22:49:41] [Server thread/WARN]: Mismatch in destroy block pos: BlockPos{x=0, y=0, z=0} BlockPos{x=-151, y=231, z=-253}
[22:49:41] [Server thread/WARN]: Mismatch in destroy block pos: BlockPos{x=0, y=0, z=0} BlockPos{x=-151, y=233, z=-254}
[22:49:41] [Server thread/WARN]: Mismatch in destroy block pos: BlockPos{x=0, y=0, z=0} BlockPos{x=-151, y=232, z=-256}
[22:49:41] [Server thread/WARN]: Mismatch in destroy block pos: BlockPos{x=0, y=0, z=0} BlockPos{x=-148, y=230, z=-256}
[22:49:41] [Server thread/WARN]: Mismatch in destroy block pos: BlockPos{x=0, y=0, z=0} BlockPos{x=-147, y=230, z=-255}
[22:49:41] [Server thread/WARN]: Mismatch in destroy block pos: BlockPos{x=0, y=0, z=0} BlockPos{x=-146, y=230, z=-253}
[22:49:42] [Server thread/WARN]: Mismatch in destroy block pos: BlockPos{x=0, y=0, z=0} BlockPos{x=-144, y=230, z=-253}
[22:49:44] [Server thread/WARN]: Mismatch in destroy block pos: BlockPos{x=0, y=0, z=0} BlockPos{x=-134, y=234, z=-262}
[22:49:45] [Server thread/WARN]: Mismatch in destroy block pos: BlockPos{x=0, y=0, z=0} BlockPos{x=-138, y=234, z=-262}
[22:49:45] [Server thread/WARN]: Mismatch in destroy block pos: BlockPos{x=0, y=0, z=0} BlockPos{x=-138, y=234, z=-262}
[22:49:46] [Server thread/WARN]: Mismatch in destroy block pos: BlockPos{x=0, y=0, z=0} BlockPos{x=-138, y=230, z=-253}
[22:49:46] [Server thread/WARN]: Mismatch in destroy block pos: BlockPos{x=0, y=0, z=0} BlockPos{x=-139, y=230, z=-253}
[22:49:47] [Server thread/WARN]: Mismatch in destroy block pos: BlockPos{x=0, y=0, z=0} BlockPos{x=-141, y=230, z=-253}
[22:49:47] [Server thread/WARN]: Mismatch in destroy block pos: BlockPos{x=0, y=0, z=0} BlockPos{x=-141, y=230, z=-254}
[22:49:47] [Server thread/WARN]: Mismatch in destroy block pos: BlockPos{x=0, y=0, z=0} BlockPos{x=-142, y=230, z=-254}
[22:49:47] [Server thread/WARN]: Mismatch in destroy block pos: BlockPos{x=0, y=0, z=0} BlockPos{x=-143, y=230, z=-254}
[22:49:47] [Server thread/WARN]: Mismatch in destroy block pos: BlockPos{x=0, y=0, z=0} BlockPos{x=-144, y=230, z=-253}
[22:49:47] [Server thread/WARN]: Mismatch in destroy block pos: BlockPos{x=0, y=0, z=0} BlockPos{x=-145, y=230, z=-253}
[22:49:47] [Server thread/WARN]: Mismatch in destroy block pos: BlockPos{x=0, y=0, z=0} BlockPos{x=-146, y=230, z=-253}
[22:49:47] [Server thread/WARN]: Mismatch in destroy block pos: BlockPos{x=0, y=0, z=0} BlockPos{x=-146, y=230, z=-253}
[22:49:47] [Server thread/WARN]: Mismatch in destroy block pos: BlockPos{x=0, y=0, z=0} BlockPos{x=-147, y=230, z=-253}
[22:49:48] [Server thread/WARN]: Mismatch in destroy block pos: BlockPos{x=0, y=0, z=0} BlockPos{x=-148, y=230, z=-253}
[22:49:48] [Server thread/WARN]: Mismatch in destroy block pos: BlockPos{x=0, y=0, z=0} BlockPos{x=-149, y=230, z=-254}
[22:49:48] [Server thread/WARN]: Mismatch in destroy block pos: BlockPos{x=0, y=0, z=0} BlockPos{x=-151, y=233, z=-255}
[22:49:49] [Server thread/WARN]: Mismatch in destroy block pos: BlockPos{x=0, y=0, z=0} BlockPos{x=-147, y=230, z=-256}
[22:49:50] [Server thread/WARN]: Mismatch in destroy block pos: BlockPos{x=0, y=0, z=0} BlockPos{x=-147, y=230, z=-256}
[22:49:50] [Server thread/WARN]: Mismatch in destroy block pos: BlockPos{x=0, y=0, z=0} BlockPos{x=-146, y=230, z=-256}
[22:49:50] [Server thread/WARN]: Mismatch in destroy block pos: BlockPos{x=0, y=0, z=0} BlockPos{x=-146, y=230, z=-256}
[22:49:50] [Server thread/WARN]: Mismatch in destroy block pos: BlockPos{x=0, y=0, z=0} BlockPos{x=-145, y=230, z=-256}
[22:49:50] [Server thread/WARN]: Mismatch in destroy block pos: BlockPos{x=0, y=0, z=0} BlockPos{x=-144, y=230, z=-256}
[22:49:50] [Server thread/WARN]: Mismatch in destroy block pos: BlockPos{x=0, y=0, z=0} BlockPos{x=-151, y=231, z=-256}
[22:49:51] [Server thread/WARN]: Mismatch in destroy block pos: BlockPos{x=0, y=0, z=0} BlockPos{x=-151, y=232, z=-256}
[22:49:51] [Server thread/WARN]: Mismatch in destroy block pos: BlockPos{x=0, y=0, z=0} BlockPos{x=-151, y=233, z=-256}
[22:49:51] [Server thread/WARN]: Mismatch in destroy block pos: BlockPos{x=0, y=0, z=0} BlockPos{x=-151, y=233, z=-256}
[22:49:51] [Server thread/WARN]: Mismatch in destroy block pos: BlockPos{x=0, y=0, z=0} BlockPos{x=-151, y=232, z=-256}
[22:49:51] [Server thread/WARN]: Mismatch in destroy block pos: BlockPos{x=0, y=0, z=0} BlockPos{x=-151, y=232, z=-256}
[22:49:52] [Server thread/WARN]: Mismatch in destroy block pos: BlockPos{x=0, y=0, z=0} BlockPos{x=-151, y=232, z=-255}
[22:49:52] [Server thread/WARN]: Mismatch in destroy block pos: BlockPos{x=0, y=0, z=0} BlockPos{x=-151, y=232, z=-255}
[22:49:52] [Server thread/WARN]: Mismatch in destroy block pos: BlockPos{x=0, y=0, z=0} BlockPos{x=-151, y=232, z=-254}
[22:49:52] [Server thread/WARN]: Mismatch in destroy block pos: BlockPos{x=0, y=0, z=0} BlockPos{x=-151, y=231, z=-253}
[22:49:52] [Server thread/WARN]: Mismatch in destroy block pos: BlockPos{x=0, y=0, z=0} BlockPos{x=-151, y=231, z=-252}
[22:49:53] [Server thread/WARN]: Mismatch in destroy block pos: BlockPos{x=0, y=0, z=0} BlockPos{x=-150, y=230, z=-252}
[22:49:53] [Server thread/WARN]: Mismatch in destroy block pos: BlockPos{x=0, y=0, z=0} BlockPos{x=-149, y=230, z=-252}
[22:49:53] [Server thread/WARN]: Mismatch in destroy block pos: BlockPos{x=0, y=0, z=0} BlockPos{x=-149, y=230, z=-253}
[22:49:53] [Server thread/WARN]: Mismatch in destroy block pos: BlockPos{x=0, y=0, z=0} BlockPos{x=-148, y=230, z=-253}
[22:49:53] [Server thread/WARN]: Mismatch in destroy block pos: BlockPos{x=0, y=0, z=0} BlockPos{x=-148, y=230, z=-254}
[22:49:55] [Server thread/WARN]: Mismatch in destroy block pos: BlockPos{x=0, y=0, z=0} BlockPos{x=-136, y=230, z=-254}
[22:49:55] [Server thread/WARN]: Mismatch in destroy block pos: BlockPos{x=0, y=0, z=0} BlockPos{x=-135, y=230, z=-254}
[22:49:56] [Server thread/WARN]: Mismatch in destroy block pos: BlockPos{x=0, y=0, z=0} BlockPos{x=-134, y=230, z=-254}
[22:49:56] [Server thread/WARN]: Mismatch in destroy block pos: BlockPos{x=0, y=0, z=0} BlockPos{x=-133, y=230, z=-254}
[22:49:56] [Server thread/WARN]: Mismatch in destroy block pos: BlockPos{x=0, y=0, z=0} BlockPos{x=-131, y=230, z=-254}
[22:49:56] [Server thread/WARN]: Mismatch in destroy block pos: BlockPos{x=0, y=0, z=0} BlockPos{x=-130, y=231, z=-254}
[22:49:56] [Server thread/WARN]: Mismatch in destroy block pos: BlockPos{x=0, y=0, z=0} BlockPos{x=-130, y=232, z=-254}
[22:49:56] [Server thread/WARN]: Mismatch in destroy block pos: BlockPos{x=0, y=0, z=0} BlockPos{x=-130, y=232, z=-254}
[22:49:57] [Server thread/WARN]: Mismatch in destroy block pos: BlockPos{x=0, y=0, z=0} BlockPos{x=-130, y=233, z=-254}
[22:49:58] [Server thread/WARN]: Mismatch in destroy block pos: BlockPos{x=0, y=0, z=0} BlockPos{x=-131, y=230, z=-254}
[22:49:58] [Server thread/WARN]: Mismatch in destroy block pos: BlockPos{x=0, y=0, z=0} BlockPos{x=-132, y=230, z=-254}
[22:49:58] [Server thread/WARN]: Mismatch in destroy block pos: BlockPos{x=0, y=0, z=0} BlockPos{x=-133, y=230, z=-254}
[22:49:59] [Server thread/WARN]: Mismatch in destroy block pos: BlockPos{x=0, y=0, z=0} BlockPos{x=-134, y=230, z=-254}
[22:49:59] [Server thread/WARN]: Mismatch in destroy block pos: BlockPos{x=0, y=0, z=0} BlockPos{x=-135, y=230, z=-254}
[22:50:00] [Server thread/WARN]: Mismatch in destroy block pos: BlockPos{x=0, y=0, z=0} BlockPos{x=-136, y=230, z=-254}
[22:50:00] [Server thread/WARN]: Mismatch in destroy block pos: BlockPos{x=0, y=0, z=0} BlockPos{x=-137, y=230, z=-254}
[22:50:00] [Server thread/WARN]: Mismatch in destroy block pos: BlockPos{x=0, y=0, z=0} BlockPos{x=-130, y=233, z=-247}
[22:50:00] [Server thread/WARN]: Mismatch in destroy block pos: BlockPos{x=0, y=0, z=0} BlockPos{x=-138, y=230, z=-254}
[22:50:01] [Server thread/WARN]: Mismatch in destroy block pos: BlockPos{x=0, y=0, z=0} BlockPos{x=-139, y=230, z=-254}
[22:50:01] [Server thread/WARN]: Mismatch in destroy block pos: BlockPos{x=0, y=0, z=0} BlockPos{x=-140, y=230, z=-254}
[22:50:01] [Server thread/WARN]: Mismatch in destroy block pos: BlockPos{x=0, y=0, z=0} BlockPos{x=-132, y=230, z=-252}
[22:50:01] [Server thread/WARN]: Mismatch in destroy block pos: BlockPos{x=0, y=0, z=0} BlockPos{x=-132, y=230, z=-253}
[22:50:02] [Server thread/WARN]: Mismatch in destroy block pos: BlockPos{x=0, y=0, z=0} BlockPos{x=-132, y=230, z=-253}
[22:50:02] [Server thread/WARN]: Mismatch in destroy block pos: BlockPos{x=0, y=0, z=0} BlockPos{x=-141, y=230, z=-254}
[22:50:02] [Server thread/WARN]: Mismatch in destroy block pos: BlockPos{x=0, y=0, z=0} BlockPos{x=-132, y=230, z=-254}
[22:50:02] [Server thread/WARN]: Mismatch in destroy block pos: BlockPos{x=0, y=0, z=0} BlockPos{x=-132, y=230, z=-255}
[22:50:02] [Server thread/WARN]: Mismatch in destroy block pos: BlockPos{x=0, y=0, z=0} BlockPos{x=-132, y=230, z=-256}
[22:50:02] [Server thread/WARN]: Mismatch in destroy block pos: BlockPos{x=0, y=0, z=0} BlockPos{x=-132, y=230, z=-256}
[22:50:02] [Server thread/WARN]: Mismatch in destroy block pos: BlockPos{x=0, y=0, z=0} BlockPos{x=-142, y=230, z=-254}
[22:50:02] [Server thread/WARN]: Mismatch in destroy block pos: BlockPos{x=0, y=0, z=0} BlockPos{x=-132, y=230, z=-257}
[22:50:03] [Server thread/WARN]: Mismatch in destroy block pos: BlockPos{x=0, y=0, z=0} BlockPos{x=-143, y=230, z=-254}
[22:50:03] [Server thread/INFO]: [[ADMIN] Thes912: Created team [7]]
[22:50:03] [Server thread/WARN]: Mismatch in destroy block pos: BlockPos{x=0, y=0, z=0} BlockPos{x=-132, y=232, z=-262}
[22:50:03] [Server thread/WARN]: Mismatch in destroy block pos: BlockPos{x=0, y=0, z=0} BlockPos{x=-144, y=230, z=-254}
[22:50:04] [Server thread/WARN]: Mismatch in destroy block pos: BlockPos{x=0, y=0, z=0} BlockPos{x=-145, y=230, z=-254}
[22:50:04] [Server thread/WARN]: Mismatch in destroy block pos: BlockPos{x=0, y=0, z=0} BlockPos{x=-146, y=230, z=-254}
[22:50:04] [Server thread/WARN]: Mismatch in destroy block pos: BlockPos{x=0, y=0, z=0} BlockPos{x=-133, y=230, z=-247}
[22:50:05] [Server thread/WARN]: Mismatch in destroy block pos: BlockPos{x=0, y=0, z=0} BlockPos{x=-133, y=230, z=-246}
[22:50:05] [Server thread/WARN]: Mismatch in destroy block pos: BlockPos{x=0, y=0, z=0} BlockPos{x=-132, y=231, z=-245}
[22:50:05] [Server thread/WARN]: Mismatch in destroy block pos: BlockPos{x=0, y=0, z=0} BlockPos{x=-147, y=230, z=-254}
[22:50:05] [Server thread/WARN]: Mismatch in destroy block pos: BlockPos{x=0, y=0, z=0} BlockPos{x=-132, y=232, z=-245}
[22:50:05] [Server thread/WARN]: Mismatch in destroy block pos: BlockPos{x=0, y=0, z=0} BlockPos{x=-132, y=233, z=-245}
[22:50:05] [Server thread/WARN]: Mismatch in destroy block pos: BlockPos{x=0, y=0, z=0} BlockPos{x=-132, y=232, z=-245}
[22:50:05] [Server thread/WARN]: Mismatch in destroy block pos: BlockPos{x=0, y=0, z=0} BlockPos{x=-148, y=230, z=-254}
[22:50:06] [Server thread/WARN]: Mismatch in destroy block pos: BlockPos{x=0, y=0, z=0} BlockPos{x=-131, y=233, z=-245}
[22:50:06] [Server thread/WARN]: Mismatch in destroy block pos: BlockPos{x=0, y=0, z=0} BlockPos{x=-149, y=230, z=-254}
[22:50:06] [Server thread/WARN]: Mismatch in destroy block pos: BlockPos{x=0, y=0, z=0} BlockPos{x=-131, y=232, z=-245}
[22:50:06] [Server thread/WARN]: Mismatch in destroy block pos: BlockPos{x=0, y=0, z=0} BlockPos{x=-131, y=233, z=-245}
[22:50:06] [Server thread/WARN]: Mismatch in destroy block pos: BlockPos{x=0, y=0, z=0} BlockPos{x=-150, y=230, z=-254}
[22:50:06] [Server thread/WARN]: Mismatch in destroy block pos: BlockPos{x=0, y=0, z=0} BlockPos{x=-131, y=232, z=-245}
[22:50:07] [Server thread/WARN]: Mismatch in destroy block pos: BlockPos{x=0, y=0, z=0} BlockPos{x=-151, y=231, z=-254}
[22:50:07] [Server thread/WARN]: Mismatch in destroy block pos: BlockPos{x=0, y=0, z=0} BlockPos{x=-151, y=232, z=-260}
[22:50:07] [Server thread/WARN]: Mismatch in destroy block pos: BlockPos{x=0, y=0, z=0} BlockPos{x=-151, y=232, z=-258}
[22:50:07] [Server thread/WARN]: Mismatch in destroy block pos: BlockPos{x=0, y=0, z=0} BlockPos{x=-151, y=232, z=-257}
[22:50:09] [Server thread/WARN]: Mismatch in destroy block pos: BlockPos{x=0, y=0, z=0} BlockPos{x=-143, y=230, z=-255}
[22:50:09] [Server thread/WARN]: Mismatch in destroy block pos: BlockPos{x=0, y=0, z=0} BlockPos{x=-151, y=232, z=-256}
[22:50:09] [Server thread/WARN]: Mismatch in destroy block pos: BlockPos{x=0, y=0, z=0} BlockPos{x=-142, y=230, z=-256}
[22:50:09] [Server thread/WARN]: Mismatch in destroy block pos: BlockPos{x=0, y=0, z=0} BlockPos{x=-142, y=230, z=-257}
[22:50:09] [Server thread/WARN]: Mismatch in destroy block pos: BlockPos{x=0, y=0, z=0} BlockPos{x=-142, y=230, z=-257}
[22:50:09] [Server thread/WARN]: Mismatch in destroy block pos: BlockPos{x=0, y=0, z=0} BlockPos{x=-142, y=230, z=-258}
[22:50:09] [Server thread/WARN]: Mismatch in destroy block pos: BlockPos{x=0, y=0, z=0} BlockPos{x=-141, y=230, z=-259}
[22:50:10] [Server thread/WARN]: Mismatch in destroy block pos: BlockPos{x=0, y=0, z=0} BlockPos{x=-141, y=230, z=-260}
[22:50:10] [Server thread/WARN]: Mismatch in destroy block pos: BlockPos{x=0, y=0, z=0} BlockPos{x=-141, y=230, z=-261}
[22:50:10] [Server thread/WARN]: Mismatch in destroy block pos: BlockPos{x=0, y=0, z=0} BlockPos{x=-141, y=231, z=-262}
[22:50:10] [Server thread/WARN]: Mismatch in destroy block pos: BlockPos{x=0, y=0, z=0} BlockPos{x=-140, y=232, z=-262}
[22:50:11] [Server thread/WARN]: Mismatch in destroy block pos: BlockPos{x=0, y=0, z=0} BlockPos{x=-139, y=230, z=-258}
[22:50:11] [Server thread/WARN]: Mismatch in destroy block pos: BlockPos{x=0, y=0, z=0} BlockPos{x=-139, y=230, z=-257}
[22:50:12] [Server thread/WARN]: Mismatch in destroy block pos: BlockPos{x=0, y=0, z=0} BlockPos{x=-139, y=230, z=-255}
[22:50:12] [Server thread/WARN]: Mismatch in destroy block pos: BlockPos{x=0, y=0, z=0} BlockPos{x=-139, y=230, z=-253}
[22:50:12] [Server thread/WARN]: Mismatch in destroy block pos: BlockPos{x=0, y=0, z=0} BlockPos{x=-139, y=230, z=-252}
[22:50:12] [Server thread/WARN]: Mismatch in destroy block pos: BlockPos{x=0, y=0, z=0} BlockPos{x=-139, y=230, z=-251}
[22:50:12] [Server thread/WARN]: Mismatch in destroy block pos: BlockPos{x=0, y=0, z=0} BlockPos{x=-139, y=230, z=-250}
[22:50:12] [Server thread/WARN]: Mismatch in destroy block pos: BlockPos{x=0, y=0, z=0} BlockPos{x=-139, y=230, z=-249}
[22:50:13] [Server thread/WARN]: Mismatch in destroy block pos: BlockPos{x=0, y=0, z=0} BlockPos{x=-139, y=230, z=-249}
[22:50:13] [Server thread/WARN]: Mismatch in destroy block pos: BlockPos{x=0, y=0, z=0} BlockPos{x=-139, y=230, z=-248}
[22:50:13] [Server thread/WARN]: Mismatch in destroy block pos: BlockPos{x=0, y=0, z=0} BlockPos{x=-139, y=230, z=-248}
[22:50:13] [Server thread/WARN]: Mismatch in destroy block pos: BlockPos{x=0, y=0, z=0} BlockPos{x=-139, y=230, z=-247}
[22:50:13] [Server thread/WARN]: Mismatch in destroy block pos: BlockPos{x=0, y=0, z=0} BlockPos{x=-139, y=230, z=-247}
[22:50:13] [Server thread/WARN]: Mismatch in destroy block pos: BlockPos{x=0, y=0, z=0} BlockPos{x=-139, y=230, z=-246}
[22:50:13] [Server thread/WARN]: Mismatch in destroy block pos: BlockPos{x=0, y=0, z=0} BlockPos{x=-139, y=230, z=-246}
[22:50:13] [Server thread/WARN]: Mismatch in destroy block pos: BlockPos{x=0, y=0, z=0} BlockPos{x=-139, y=230, z=-246}
[22:50:13] [Server thread/WARN]: Mismatch in destroy block pos: BlockPos{x=0, y=0, z=0} BlockPos{x=-139, y=231, z=-245}
[22:50:14] [Server thread/INFO]: [[ADMIN] Thes912: Added LaCerdita69 to team [7]]
[22:50:14] [Server thread/WARN]: Mismatch in destroy block pos: BlockPos{x=0, y=0, z=0} BlockPos{x=-139, y=230, z=-251}
[22:50:15] [Server thread/WARN]: Mismatch in destroy block pos: BlockPos{x=0, y=0, z=0} BlockPos{x=-139, y=230, z=-252}
[22:50:15] [Server thread/WARN]: Mismatch in destroy block pos: BlockPos{x=0, y=0, z=0} BlockPos{x=-139, y=230, z=-252}
[22:50:15] [Server thread/WARN]: Mismatch in destroy block pos: BlockPos{x=0, y=0, z=0} BlockPos{x=-139, y=230, z=-253}
[22:50:15] [Server thread/WARN]: Mismatch in destroy block pos: BlockPos{x=0, y=0, z=0} BlockPos{x=-139, y=230, z=-254}
[22:50:15] [Server thread/WARN]: Mismatch in destroy block pos: BlockPos{x=0, y=0, z=0} BlockPos{x=-139, y=230, z=-255}
[22:50:15] [Server thread/WARN]: Mismatch in destroy block pos: BlockPos{x=0, y=0, z=0} BlockPos{x=-139, y=230, z=-255}
[22:50:15] [Server thread/WARN]: Mismatch in destroy block pos: BlockPos{x=0, y=0, z=0} BlockPos{x=-139, y=230, z=-256}
[22:50:15] [Server thread/WARN]: Mismatch in destroy block pos: BlockPos{x=0, y=0, z=0} BlockPos{x=-139, y=230, z=-256}
[22:50:15] [Server thread/WARN]: Mismatch in destroy block pos: BlockPos{x=0, y=0, z=0} BlockPos{x=-139, y=230, z=-257}
[22:50:16] [Server thread/WARN]: Mismatch in destroy block pos: BlockPos{x=0, y=0, z=0} BlockPos{x=-139, y=230, z=-257}
[22:50:16] [Server thread/WARN]: Mismatch in destroy block pos: BlockPos{x=0, y=0, z=0} BlockPos{x=-139, y=230, z=-258}
[22:50:16] [Server thread/WARN]: Mismatch in destroy block pos: BlockPos{x=0, y=0, z=0} BlockPos{x=-139, y=230, z=-259}
[22:50:16] [Server thread/WARN]: Mismatch in destroy block pos: BlockPos{x=0, y=0, z=0} BlockPos{x=-139, y=230, z=-260}
[22:50:16] [Server thread/WARN]: Mismatch in destroy block pos: BlockPos{x=0, y=0, z=0} BlockPos{x=-139, y=230, z=-261}
[22:50:16] [Server thread/WARN]: Mismatch in destroy block pos: BlockPos{x=0, y=0, z=0} BlockPos{x=-139, y=230, z=-261}
[22:50:16] [Server thread/WARN]: Mismatch in destroy block pos: BlockPos{x=0, y=0, z=0} BlockPos{x=-139, y=232, z=-262}
[22:50:16] [Server thread/WARN]: Mismatch in destroy block pos: BlockPos{x=0, y=0, z=0} BlockPos{x=-139, y=233, z=-262}
[22:50:17] [Server thread/WARN]: Mismatch in destroy block pos: BlockPos{x=0, y=0, z=0} BlockPos{x=-139, y=232, z=-262}
[22:50:17] [Server thread/WARN]: Mismatch in destroy block pos: BlockPos{x=0, y=0, z=0} BlockPos{x=-134, y=230, z=-253}
[22:50:17] [Server thread/INFO]: Luzgama[/100.115.223.117:63539] logged in with entity id 3079 at (-139.49848247541428, 231.0, -245.30000001192093)
[22:50:17] [Server thread/INFO]: [Equipo 6]Luzgama joined the game
[22:50:17] [Server thread/WARN]: Mismatch in destroy block pos: BlockPos{x=0, y=0, z=0} BlockPos{x=-133, y=230, z=-253}
[22:50:17] [Server thread/WARN]: Mismatch in destroy block pos: BlockPos{x=0, y=0, z=0} BlockPos{x=-138, y=231, z=-262}
[22:50:17] [Server thread/INFO]: LaCerdita69 lost connection: Disconnected
[22:50:17] [Server thread/INFO]: LaCerdita69 left the game
[22:50:17] [Server thread/INFO]: [voicechat] Disconnecting client LaCerdita69
[22:50:17] [Server thread/WARN]: Mismatch in destroy block pos: BlockPos{x=0, y=0, z=0} BlockPos{x=-138, y=230, z=-261}
[22:50:17] [Server thread/WARN]: Mismatch in destroy block pos: BlockPos{x=0, y=0, z=0} BlockPos{x=-132, y=230, z=-253}
[22:50:17] [Server thread/WARN]: Mismatch in destroy block pos: BlockPos{x=0, y=0, z=0} BlockPos{x=-131, y=230, z=-253}
[22:50:17] [Server thread/INFO]: [voicechat] Received secret request of Luzgama (20)
[22:50:17] [Server thread/INFO]: [voicechat] Sent secret to Luzgama
[22:50:17] [Server thread/WARN]: Mismatch in destroy block pos: BlockPos{x=0, y=0, z=0} BlockPos{x=-139, y=230, z=-260}
[22:50:17] [Server thread/WARN]: Mismatch in destroy block pos: BlockPos{x=0, y=0, z=0} BlockPos{x=-139, y=230, z=-260}
[22:50:17] [Server thread/WARN]: Mismatch in destroy block pos: BlockPos{x=0, y=0, z=0} BlockPos{x=-139, y=230, z=-259}
[22:50:17] [VoiceChatPacketProcessingThread/INFO]: [voicechat] Successfully authenticated player f97fbb97-c9bd-3a45-8f72-37f1a90bd60a
[22:50:17] [Server thread/WARN]: Mismatch in destroy block pos: BlockPos{x=0, y=0, z=0} BlockPos{x=-139, y=230, z=-259}
[22:50:18] [Server thread/WARN]: Mismatch in destroy block pos: BlockPos{x=0, y=0, z=0} BlockPos{x=-139, y=230, z=-258}
[22:50:18] [Server thread/WARN]: Mismatch in destroy block pos: BlockPos{x=0, y=0, z=0} BlockPos{x=-139, y=230, z=-257}
[22:50:18] [Server thread/WARN]: Mismatch in destroy block pos: BlockPos{x=0, y=0, z=0} BlockPos{x=-139, y=230, z=-256}
[22:50:18] [Server thread/WARN]: Mismatch in destroy block pos: BlockPos{x=0, y=0, z=0} BlockPos{x=-139, y=230, z=-255}
[22:50:18] [Server thread/WARN]: Mismatch in destroy block pos: BlockPos{x=0, y=0, z=0} BlockPos{x=-139, y=230, z=-254}
[22:50:18] [VoiceChatPacketProcessingThread/INFO]: [voicechat] Successfully validated connection of player f97fbb97-c9bd-3a45-8f72-37f1a90bd60a
[22:50:18] [VoiceChatPacketProcessingThread/INFO]: [voicechat] Player Luzgama (f97fbb97-c9bd-3a45-8f72-37f1a90bd60a) successfully connected to voice chat
[22:50:18] [Server thread/WARN]: Mismatch in destroy block pos: BlockPos{x=0, y=0, z=0} BlockPos{x=-139, y=230, z=-254}
[22:50:19] [Server thread/WARN]: Mismatch in destroy block pos: BlockPos{x=0, y=0, z=0} BlockPos{x=-139, y=230, z=-252}
[22:50:19] [Server thread/WARN]: Mismatch in destroy block pos: BlockPos{x=0, y=0, z=0} BlockPos{x=-140, y=230, z=-252}
[22:50:19] [Server thread/WARN]: Mismatch in destroy block pos: BlockPos{x=0, y=0, z=0} BlockPos{x=-140, y=230, z=-251}
[22:50:19] [Server thread/WARN]: Mismatch in destroy block pos: BlockPos{x=0, y=0, z=0} BlockPos{x=-140, y=230, z=-250}
[22:50:19] [Server thread/WARN]: Mismatch in destroy block pos: BlockPos{x=0, y=0, z=0} BlockPos{x=-140, y=230, z=-249}
[22:50:19] [Server thread/WARN]: Mismatch in destroy block pos: BlockPos{x=0, y=0, z=0} BlockPos{x=-140, y=230, z=-248}
[22:50:19] [Server thread/WARN]: Mismatch in destroy block pos: BlockPos{x=0, y=0, z=0} BlockPos{x=-140, y=230, z=-248}
[22:50:20] [Server thread/WARN]: Mismatch in destroy block pos: BlockPos{x=0, y=0, z=0} BlockPos{x=-140, y=230, z=-247}
[22:50:21] [Server thread/WARN]: Mismatch in destroy block pos: BlockPos{x=0, y=0, z=0} BlockPos{x=-139, y=231, z=-262}
[22:50:21] [Server thread/WARN]: Mismatch in destroy block pos: BlockPos{x=0, y=0, z=0} BlockPos{x=-139, y=231, z=-262}
[22:50:21] [Server thread/WARN]: Mismatch in destroy block pos: BlockPos{x=0, y=0, z=0} BlockPos{x=-139, y=231, z=-262}
[22:50:21] [Server thread/WARN]: Mismatch in destroy block pos: BlockPos{x=0, y=0, z=0} BlockPos{x=-140, y=231, z=-262}
[22:50:21] [Server thread/WARN]: Mismatch in destroy block pos: BlockPos{x=0, y=0, z=0} BlockPos{x=-140, y=231, z=-245}
[22:50:21] [Server thread/WARN]: Mismatch in destroy block pos: BlockPos{x=0, y=0, z=0} BlockPos{x=-141, y=231, z=-262}
[22:50:21] [Server thread/WARN]: Mismatch in destroy block pos: BlockPos{x=0, y=0, z=0} BlockPos{x=-142, y=231, z=-262}
[22:50:22] [Server thread/WARN]: Mismatch in destroy block pos: BlockPos{x=0, y=0, z=0} BlockPos{x=-136, y=230, z=-248}
[22:50:22] [Server thread/WARN]: Mismatch in destroy block pos: BlockPos{x=0, y=0, z=0} BlockPos{x=-137, y=230, z=-249}
[22:50:22] [Server thread/WARN]: Mismatch in destroy block pos: BlockPos{x=0, y=0, z=0} BlockPos{x=-136, y=230, z=-250}
[22:50:22] [Server thread/WARN]: Mismatch in destroy block pos: BlockPos{x=0, y=0, z=0} BlockPos{x=-140, y=231, z=-245}
[22:50:22] [Server thread/WARN]: Mismatch in destroy block pos: BlockPos{x=0, y=0, z=0} BlockPos{x=-140, y=232, z=-245}
[22:50:23] [Server thread/WARN]: Mismatch in destroy block pos: BlockPos{x=0, y=0, z=0} BlockPos{x=-133, y=230, z=-254}
[22:50:23] [Server thread/WARN]: Mismatch in destroy block pos: BlockPos{x=0, y=0, z=0} BlockPos{x=-134, y=230, z=-255}
[22:50:23] [Server thread/WARN]: Mismatch in destroy block pos: BlockPos{x=0, y=0, z=0} BlockPos{x=-134, y=230, z=-254}
[22:50:23] [Server thread/WARN]: Mismatch in destroy block pos: BlockPos{x=0, y=0, z=0} BlockPos{x=-132, y=230, z=-254}
[22:50:23] [Server thread/WARN]: Mismatch in destroy block pos: BlockPos{x=0, y=0, z=0} BlockPos{x=-132, y=230, z=-253}
[22:50:35] [Server thread/WARN]: Mismatch in destroy block pos: BlockPos{x=0, y=0, z=0} BlockPos{x=-141, y=230, z=-260}
[22:50:35] [Server thread/WARN]: Mismatch in destroy block pos: BlockPos{x=0, y=0, z=0} BlockPos{x=-142, y=230, z=-259}
[22:50:35] [Server thread/WARN]: Mismatch in destroy block pos: BlockPos{x=0, y=0, z=0} BlockPos{x=-142, y=230, z=-260}
[22:50:37] [Server thread/WARN]: Mismatch in destroy block pos: BlockPos{x=0, y=0, z=0} BlockPos{x=-136, y=230, z=-259}
[22:50:38] [Server thread/WARN]: Mismatch in destroy block pos: BlockPos{x=0, y=0, z=0} BlockPos{x=-139, y=230, z=-260}
[22:50:38] [Server thread/WARN]: Mismatch in destroy block pos: BlockPos{x=0, y=0, z=0} BlockPos{x=-140, y=230, z=-260}
[22:50:38] [Server thread/WARN]: Mismatch in destroy block pos: BlockPos{x=0, y=0, z=0} BlockPos{x=-130, y=233, z=-252}
[22:50:38] [Server thread/WARN]: Mismatch in destroy block pos: BlockPos{x=0, y=0, z=0} BlockPos{x=-140, y=230, z=-261}
[22:50:38] [Server thread/WARN]: Mismatch in destroy block pos: BlockPos{x=0, y=0, z=0} BlockPos{x=-140, y=230, z=-261}
[22:50:38] [Server thread/WARN]: Mismatch in destroy block pos: BlockPos{x=0, y=0, z=0} BlockPos{x=-140, y=230, z=-260}
[22:50:38] [Server thread/WARN]: Mismatch in destroy block pos: BlockPos{x=0, y=0, z=0} BlockPos{x=-142, y=230, z=-260}
[22:50:38] [Server thread/WARN]: Mismatch in destroy block pos: BlockPos{x=0, y=0, z=0} BlockPos{x=-143, y=230, z=-260}
[22:50:39] [Server thread/WARN]: Mismatch in destroy block pos: BlockPos{x=0, y=0, z=0} BlockPos{x=-145, y=230, z=-259}
[22:50:39] [Server thread/WARN]: Mismatch in destroy block pos: BlockPos{x=0, y=0, z=0} BlockPos{x=-145, y=230, z=-260}
[22:50:39] [Server thread/WARN]: Mismatch in destroy block pos: BlockPos{x=0, y=0, z=0} BlockPos{x=-146, y=230, z=-259}
[22:50:39] [Server thread/WARN]: Mismatch in destroy block pos: BlockPos{x=0, y=0, z=0} BlockPos{x=-147, y=230, z=-259}
[22:50:39] [Server thread/WARN]: Mismatch in destroy block pos: BlockPos{x=0, y=0, z=0} BlockPos{x=-148, y=230, z=-259}
[22:50:40] [Server thread/WARN]: Mismatch in destroy block pos: BlockPos{x=0, y=0, z=0} BlockPos{x=-151, y=232, z=-257}
[22:50:42] [Server thread/WARN]: Mismatch in destroy block pos: BlockPos{x=0, y=0, z=0} BlockPos{x=-141, y=230, z=-250}
[22:50:42] [Server thread/WARN]: Mismatch in destroy block pos: BlockPos{x=0, y=0, z=0} BlockPos{x=-141, y=230, z=-251}
[22:50:42] [Server thread/WARN]: Mismatch in destroy block pos: BlockPos{x=0, y=0, z=0} BlockPos{x=-139, y=231, z=-245}
[22:50:42] [Server thread/WARN]: Mismatch in destroy block pos: BlockPos{x=0, y=0, z=0} BlockPos{x=-138, y=231, z=-245}
[22:50:42] [Server thread/WARN]: Mismatch in destroy block pos: BlockPos{x=0, y=0, z=0} BlockPos{x=-137, y=230, z=-252}
[22:50:42] [Server thread/WARN]: Mismatch in destroy block pos: BlockPos{x=0, y=0, z=0} BlockPos{x=-138, y=230, z=-253}
[22:50:43] [Server thread/WARN]: Mismatch in destroy block pos: BlockPos{x=0, y=0, z=0} BlockPos{x=-141, y=231, z=-245}
[22:50:43] [Server thread/WARN]: Mismatch in destroy block pos: BlockPos{x=0, y=0, z=0} BlockPos{x=-138, y=232, z=-245}
[22:50:44] [Server thread/WARN]: Mismatch in destroy block pos: BlockPos{x=0, y=0, z=0} BlockPos{x=-140, y=231, z=-245}
[22:50:44] [Server thread/WARN]: Mismatch in destroy block pos: BlockPos{x=0, y=0, z=0} BlockPos{x=-140, y=232, z=-245}
[22:50:44] [Server thread/WARN]: Mismatch in destroy block pos: BlockPos{x=0, y=0, z=0} BlockPos{x=-139, y=231, z=-245}
[22:50:45] [Server thread/WARN]: Mismatch in destroy block pos: BlockPos{x=0, y=0, z=0} BlockPos{x=-138, y=230, z=-248}
[22:50:46] [SkinRestorer-Fetch-39/WARN]: Failed to fetch skin 'mojang:SlitoMC'
java.lang.IllegalStateException: not found
	at knot//net.lionarius.skinrestorer.util.WebUtils.throwOnClientErrors(WebUtils.java:133)
	at knot//net.lionarius.skinrestorer.skin.provider.base.YggdrasilSkinProvider.getProfile(YggdrasilSkinProvider.java:52)
	at knot//net.lionarius.skinrestorer.skin.provider.builtin.MojangSkinProvider.access$100(MojangSkinProvider.java:19)
	at knot//net.lionarius.skinrestorer.skin.provider.builtin.MojangSkinProvider$1.findProfileByName(MojangSkinProvider.java:58)
	at knot//net.minecraft.server.players.CachedUserNameToIdResolver.lookupGameProfile(CachedUserNameToIdResolver.java:73)
	at knot//net.minecraft.server.players.CachedUserNameToIdResolver.get(CachedUserNameToIdResolver.java:134)
	at knot//net.lionarius.skinrestorer.skin.provider.builtin.MojangSkinProvider.resolveUuid(MojangSkinProvider.java:89)
	at knot//net.lionarius.skinrestorer.skin.provider.base.ProfileSkinProvider.getCacheKey(ProfileSkinProvider.java:63)
	at knot//net.lionarius.skinrestorer.skin.provider.base.ProfileSkinProvider.getCacheKey(ProfileSkinProvider.java:19)
	at knot//net.lionarius.skinrestorer.skin.provider.base.AbstractSkinProvider.fetchSkin(AbstractSkinProvider.java:51)
	at knot//net.minecraft.server.network.ServerLoginPacketListenerImpl.md776234$skinrestorer$lambda$skinrestorer$fetchSkin$0$1(ServerLoginPacketListenerImpl.java:1614)
	at java.base/java.util.Optional.map(Optional.java:260)
	at knot//net.minecraft.server.network.ServerLoginPacketListenerImpl.skinrestorer$fetchSkin(ServerLoginPacketListenerImpl.java:1614)
	at knot//net.minecraft.server.network.ServerLoginPacketListenerImpl.md776234$skinrestorer$lambda$waitForSkin$0$2(ServerLoginPacketListenerImpl.java:1592)
	at java.base/java.util.concurrent.CompletableFuture$AsyncSupply.run(CompletableFuture.java:1789)
	at java.base/java.util.concurrent.ThreadPoolExecutor.runWorker(ThreadPoolExecutor.java:1090)
	at java.base/java.util.concurrent.ThreadPoolExecutor$Worker.run(ThreadPoolExecutor.java:614)
	at java.base/java.lang.Thread.run(Thread.java:1474)
[22:50:47] [Server thread/INFO]: SlitoMC[/100.68.27.80:51509] logged in with entity id 3081 at (-142.61087111447063, 231.0, -252.22300805481925)
[22:50:47] [Server thread/INFO]: [LOS 554] SlitoMC joined the game
[22:50:47] [Server thread/INFO]: [voicechat] Received secret request of SlitoMC (20)
[22:50:47] [Server thread/INFO]: [voicechat] Sent secret to SlitoMC
[22:50:47] [Server thread/WARN]: Mismatch in destroy block pos: BlockPos{x=0, y=0, z=0} BlockPos{x=-138, y=230, z=-246}
[22:50:48] [VoiceChatPacketProcessingThread/INFO]: [voicechat] Successfully authenticated player 03beec8a-510e-31d6-9fc1-e2db7695965d
[22:50:49] [VoiceChatPacketProcessingThread/INFO]: [voicechat] Successfully validated connection of player 03beec8a-510e-31d6-9fc1-e2db7695965d
[22:50:49] [VoiceChatPacketProcessingThread/INFO]: [voicechat] Player SlitoMC (03beec8a-510e-31d6-9fc1-e2db7695965d) successfully connected to voice chat
[22:50:51] [Server thread/WARN]: Mismatch in destroy block pos: BlockPos{x=0, y=0, z=0} BlockPos{x=-151, y=232, z=-261}
[22:50:51] [Server thread/WARN]: Mismatch in destroy block pos: BlockPos{x=0, y=0, z=0} BlockPos{x=-150, y=232, z=-262}
[22:50:51] [Server thread/WARN]: Mismatch in destroy block pos: BlockPos{x=0, y=0, z=0} BlockPos{x=-151, y=231, z=-261}
[22:50:53] [Server thread/WARN]: Mismatch in destroy block pos: BlockPos{x=0, y=0, z=0} BlockPos{x=-143, y=230, z=-259}
[22:50:53] [Server thread/WARN]: Mismatch in destroy block pos: BlockPos{x=0, y=0, z=0} BlockPos{x=-142, y=230, z=-259}
[22:50:53] [Server thread/WARN]: Mismatch in destroy block pos: BlockPos{x=0, y=0, z=0} BlockPos{x=-143, y=230, z=-259}
[22:50:54] [Server thread/WARN]: Mismatch in destroy block pos: BlockPos{x=0, y=0, z=0} BlockPos{x=-148, y=230, z=-257}
[22:50:54] [Server thread/INFO]: [Not Secure] <[ADMIN] Thes912> voy al baño 5 min isu estate pendiente
[22:50:54] [Server thread/WARN]: Mismatch in destroy block pos: BlockPos{x=0, y=0, z=0} BlockPos{x=-149, y=230, z=-254}
[22:50:55] [Server thread/WARN]: Mismatch in destroy block pos: BlockPos{x=0, y=0, z=0} BlockPos{x=-148, y=230, z=-252}
[22:50:55] [Server thread/WARN]: Mismatch in destroy block pos: BlockPos{x=0, y=0, z=0} BlockPos{x=-150, y=234, z=-245}
[22:50:55] [Server thread/WARN]: Mismatch in destroy block pos: BlockPos{x=0, y=0, z=0} BlockPos{x=-150, y=234, z=-245}
[22:50:55] [Server thread/WARN]: Mismatch in destroy block pos: BlockPos{x=0, y=0, z=0} BlockPos{x=-150, y=233, z=-245}
[22:50:56] [Server thread/WARN]: Mismatch in destroy block pos: BlockPos{x=0, y=0, z=0} BlockPos{x=-150, y=233, z=-245}
[22:50:56] [Server thread/WARN]: Mismatch in destroy block pos: BlockPos{x=0, y=0, z=0} BlockPos{x=-150, y=233, z=-245}
[22:50:56] [Server thread/WARN]: Mismatch in destroy block pos: BlockPos{x=0, y=0, z=0} BlockPos{x=-150, y=233, z=-245}
[22:50:56] [Server thread/WARN]: Mismatch in destroy block pos: BlockPos{x=0, y=0, z=0} BlockPos{x=-150, y=233, z=-245}
[22:50:56] [Server thread/WARN]: Mismatch in destroy block pos: BlockPos{x=0, y=0, z=0} BlockPos{x=-150, y=233, z=-245}
[22:50:56] [Server thread/WARN]: Mismatch in destroy block pos: BlockPos{x=0, y=0, z=0} BlockPos{x=-150, y=233, z=-245}
[22:50:56] [Server thread/WARN]: Mismatch in destroy block pos: BlockPos{x=0, y=0, z=0} BlockPos{x=-150, y=233, z=-245}
[22:50:57] [Server thread/WARN]: Mismatch in destroy block pos: BlockPos{x=0, y=0, z=0} BlockPos{x=-150, y=233, z=-245}
[22:50:57] [Server thread/WARN]: Mismatch in destroy block pos: BlockPos{x=0, y=0, z=0} BlockPos{x=-150, y=233, z=-245}
[22:50:57] [Server thread/WARN]: Mismatch in destroy block pos: BlockPos{x=0, y=0, z=0} BlockPos{x=-150, y=233, z=-245}
[22:50:57] [Server thread/WARN]: Mismatch in destroy block pos: BlockPos{x=0, y=0, z=0} BlockPos{x=-150, y=233, z=-245}
[22:50:57] [Server thread/WARN]: Mismatch in destroy block pos: BlockPos{x=0, y=0, z=0} BlockPos{x=-150, y=233, z=-245}
[22:50:57] [Server thread/INFO]: 77kilosdeGuppy lost connection: Disconnected
[22:50:57] [Server thread/INFO]: [Equipo 2] 77kilosdeGuppy left the game
[22:50:57] [Server thread/INFO]: [voicechat] Disconnecting client 77kilosdeGuppy
[22:50:57] [Server thread/WARN]: Mismatch in destroy block pos: BlockPos{x=0, y=0, z=0} BlockPos{x=-150, y=233, z=-245}
[22:50:58] [Server thread/WARN]: Mismatch in destroy block pos: BlockPos{x=0, y=0, z=0} BlockPos{x=-150, y=233, z=-245}
[22:50:58] [Server thread/WARN]: Mismatch in destroy block pos: BlockPos{x=0, y=0, z=0} BlockPos{x=-150, y=233, z=-245}
[22:50:58] [Server thread/WARN]: Mismatch in destroy block pos: BlockPos{x=0, y=0, z=0} BlockPos{x=-150, y=233, z=-245}
[22:50:58] [Server thread/WARN]: Mismatch in destroy block pos: BlockPos{x=0, y=0, z=0} BlockPos{x=-150, y=233, z=-245}
[22:50:58] [Server thread/WARN]: Mismatch in destroy block pos: BlockPos{x=0, y=0, z=0} BlockPos{x=-150, y=233, z=-245}
[22:50:58] [Server thread/WARN]: Mismatch in destroy block pos: BlockPos{x=0, y=0, z=0} BlockPos{x=-150, y=233, z=-245}
[22:50:59] [Server thread/WARN]: Mismatch in destroy block pos: BlockPos{x=0, y=0, z=0} BlockPos{x=-150, y=233, z=-245}
[22:50:59] [Server thread/WARN]: Mismatch in destroy block pos: BlockPos{x=0, y=0, z=0} BlockPos{x=-150, y=233, z=-245}
[22:50:59] [Server thread/WARN]: Mismatch in destroy block pos: BlockPos{x=0, y=0, z=0} BlockPos{x=-150, y=233, z=-245}
[22:50:59] [Server thread/WARN]: Mismatch in destroy block pos: BlockPos{x=0, y=0, z=0} BlockPos{x=-150, y=233, z=-245}
[22:50:59] [Server thread/INFO]: LaCerdita69[/100.86.33.105:60398] logged in with entity id 3084 at (-134.9158410169043, 231.0, -252.71749059182292)
[22:50:59] [Server thread/INFO]: [Equipo 7]LaCerdita69 joined the game
[22:50:59] [Server thread/INFO]: [voicechat] Received secret request of LaCerdita69 (20)
[22:50:59] [Server thread/INFO]: [voicechat] Sent secret to LaCerdita69
[22:50:59] [Server thread/WARN]: Mismatch in destroy block pos: BlockPos{x=0, y=0, z=0} BlockPos{x=-150, y=233, z=-245}
[22:50:59] [VoiceChatPacketProcessingThread/INFO]: [voicechat] Successfully authenticated player 87d39db5-da05-32f8-af27-e2fadb2dfbd9
[22:50:59] [Server thread/WARN]: Mismatch in destroy block pos: BlockPos{x=0, y=0, z=0} BlockPos{x=-150, y=233, z=-245}
[22:51:00] [Server thread/WARN]: Mismatch in destroy block pos: BlockPos{x=0, y=0, z=0} BlockPos{x=-150, y=233, z=-245}
[22:51:00] [Server thread/WARN]: Mismatch in destroy block pos: BlockPos{x=0, y=0, z=0} BlockPos{x=-150, y=234, z=-245}
[22:51:00] [Server thread/WARN]: Mismatch in destroy block pos: BlockPos{x=0, y=0, z=0} BlockPos{x=-150, y=234, z=-245}
[22:51:00] [Server thread/WARN]: Mismatch in destroy block pos: BlockPos{x=0, y=0, z=0} BlockPos{x=-150, y=234, z=-245}
[22:51:00] [VoiceChatPacketProcessingThread/INFO]: [voicechat] Successfully validated connection of player 87d39db5-da05-32f8-af27-e2fadb2dfbd9
[22:51:00] [VoiceChatPacketProcessingThread/INFO]: [voicechat] Player LaCerdita69 (87d39db5-da05-32f8-af27-e2fadb2dfbd9) successfully connected to voice chat
[22:51:00] [Server thread/WARN]: Mismatch in destroy block pos: BlockPos{x=0, y=0, z=0} BlockPos{x=-150, y=234, z=-245}
[22:51:00] [Server thread/WARN]: Mismatch in destroy block pos: BlockPos{x=0, y=0, z=0} BlockPos{x=-150, y=234, z=-245}
[22:51:01] [Server thread/WARN]: Mismatch in destroy block pos: BlockPos{x=0, y=0, z=0} BlockPos{x=-150, y=234, z=-245}
[22:51:01] [Server thread/WARN]: Mismatch in destroy block pos: BlockPos{x=0, y=0, z=0} BlockPos{x=-150, y=234, z=-245}
[22:51:01] [Server thread/WARN]: Mismatch in destroy block pos: BlockPos{x=0, y=0, z=0} BlockPos{x=-150, y=234, z=-245}
[22:51:01] [Server thread/WARN]: Mismatch in destroy block pos: BlockPos{x=0, y=0, z=0} BlockPos{x=-150, y=234, z=-245}
[22:51:01] [Server thread/WARN]: Mismatch in destroy block pos: BlockPos{x=0, y=0, z=0} BlockPos{x=-150, y=234, z=-245}
[22:51:02] [Server thread/WARN]: Mismatch in destroy block pos: BlockPos{x=0, y=0, z=0} BlockPos{x=-150, y=234, z=-245}
[22:51:02] [Server thread/WARN]: Mismatch in destroy block pos: BlockPos{x=0, y=0, z=0} BlockPos{x=-150, y=234, z=-245}
[22:51:02] [Server thread/WARN]: Mismatch in destroy block pos: BlockPos{x=0, y=0, z=0} BlockPos{x=-150, y=234, z=-245}
[22:51:02] [Server thread/WARN]: Mismatch in destroy block pos: BlockPos{x=0, y=0, z=0} BlockPos{x=-150, y=234, z=-245}
[22:51:02] [Server thread/WARN]: Mismatch in destroy block pos: BlockPos{x=0, y=0, z=0} BlockPos{x=-150, y=234, z=-245}
[22:51:02] [Server thread/WARN]: Mismatch in destroy block pos: BlockPos{x=0, y=0, z=0} BlockPos{x=-150, y=234, z=-245}
[22:51:03] [Server thread/WARN]: Mismatch in destroy block pos: BlockPos{x=0, y=0, z=0} BlockPos{x=-150, y=234, z=-245}
[22:51:03] [Server thread/WARN]: Mismatch in destroy block pos: BlockPos{x=0, y=0, z=0} BlockPos{x=-150, y=234, z=-245}
[22:51:03] [Server thread/WARN]: Mismatch in destroy block pos: BlockPos{x=0, y=0, z=0} BlockPos{x=-150, y=234, z=-245}
[22:51:03] [Server thread/WARN]: Mismatch in destroy block pos: BlockPos{x=0, y=0, z=0} BlockPos{x=-150, y=234, z=-245}
[22:51:03] [Server thread/WARN]: Mismatch in destroy block pos: BlockPos{x=0, y=0, z=0} BlockPos{x=-150, y=234, z=-245}
[22:51:03] [Server thread/WARN]: Mismatch in destroy block pos: BlockPos{x=0, y=0, z=0} BlockPos{x=-150, y=234, z=-245}
[22:51:04] [Server thread/WARN]: Mismatch in destroy block pos: BlockPos{x=0, y=0, z=0} BlockPos{x=-150, y=234, z=-245}
[22:51:04] [Server thread/WARN]: Mismatch in destroy block pos: BlockPos{x=0, y=0, z=0} BlockPos{x=-150, y=234, z=-245}
[22:51:04] [Server thread/WARN]: Mismatch in destroy block pos: BlockPos{x=0, y=0, z=0} BlockPos{x=-150, y=234, z=-245}
[22:51:04] [Server thread/WARN]: Mismatch in destroy block pos: BlockPos{x=0, y=0, z=0} BlockPos{x=-150, y=234, z=-245}
[22:51:04] [Server thread/WARN]: Mismatch in destroy block pos: BlockPos{x=0, y=0, z=0} BlockPos{x=-150, y=234, z=-245}
[22:51:04] [Server thread/WARN]: Mismatch in destroy block pos: BlockPos{x=0, y=0, z=0} BlockPos{x=-150, y=234, z=-245}
[22:51:04] [Server thread/WARN]: Mismatch in destroy block pos: BlockPos{x=0, y=0, z=0} BlockPos{x=-150, y=234, z=-245}
[22:51:05] [Server thread/WARN]: Mismatch in destroy block pos: BlockPos{x=0, y=0, z=0} BlockPos{x=-150, y=234, z=-245}
[22:51:05] [Server thread/WARN]: Mismatch in destroy block pos: BlockPos{x=0, y=0, z=0} BlockPos{x=-150, y=234, z=-245}
[22:51:05] [Server thread/WARN]: Mismatch in destroy block pos: BlockPos{x=0, y=0, z=0} BlockPos{x=-150, y=234, z=-245}
[22:51:05] [Server thread/WARN]: Mismatch in destroy block pos: BlockPos{x=0, y=0, z=0} BlockPos{x=-150, y=234, z=-245}
[22:51:05] [Server thread/WARN]: Mismatch in destroy block pos: BlockPos{x=0, y=0, z=0} BlockPos{x=-150, y=234, z=-245}
[22:51:05] [Server thread/WARN]: Mismatch in destroy block pos: BlockPos{x=0, y=0, z=0} BlockPos{x=-150, y=234, z=-245}
[22:51:05] [Server thread/WARN]: Mismatch in destroy block pos: BlockPos{x=0, y=0, z=0} BlockPos{x=-151, y=233, z=-246}
[22:51:06] [SkinRestorer-Fetch-41/WARN]: Failed to fetch skin 'mojang:Blolol01'
java.lang.IllegalStateException: not found
	at knot//net.lionarius.skinrestorer.util.WebUtils.throwOnClientErrors(WebUtils.java:133)
	at knot//net.lionarius.skinrestorer.skin.provider.base.YggdrasilSkinProvider.getProfile(YggdrasilSkinProvider.java:52)
	at knot//net.lionarius.skinrestorer.skin.provider.builtin.MojangSkinProvider.access$100(MojangSkinProvider.java:19)
	at knot//net.lionarius.skinrestorer.skin.provider.builtin.MojangSkinProvider$1.findProfileByName(MojangSkinProvider.java:58)
	at knot//net.minecraft.server.players.CachedUserNameToIdResolver.lookupGameProfile(CachedUserNameToIdResolver.java:73)
	at knot//net.minecraft.server.players.CachedUserNameToIdResolver.get(CachedUserNameToIdResolver.java:134)
	at knot//net.lionarius.skinrestorer.skin.provider.builtin.MojangSkinProvider.resolveUuid(MojangSkinProvider.java:89)
	at knot//net.lionarius.skinrestorer.skin.provider.base.ProfileSkinProvider.getCacheKey(ProfileSkinProvider.java:63)
	at knot//net.lionarius.skinrestorer.skin.provider.base.ProfileSkinProvider.getCacheKey(ProfileSkinProvider.java:19)
	at knot//net.lionarius.skinrestorer.skin.provider.base.AbstractSkinProvider.fetchSkin(AbstractSkinProvider.java:51)
	at knot//net.minecraft.server.network.ServerLoginPacketListenerImpl.md776234$skinrestorer$lambda$skinrestorer$fetchSkin$0$1(ServerLoginPacketListenerImpl.java:1614)
	at java.base/java.util.Optional.map(Optional.java:260)
	at knot//net.minecraft.server.network.ServerLoginPacketListenerImpl.skinrestorer$fetchSkin(ServerLoginPacketListenerImpl.java:1614)
	at knot//net.minecraft.server.network.ServerLoginPacketListenerImpl.md776234$skinrestorer$lambda$waitForSkin$0$2(ServerLoginPacketListenerImpl.java:1592)
	at java.base/java.util.concurrent.CompletableFuture$AsyncSupply.run(CompletableFuture.java:1789)
	at java.base/java.util.concurrent.ThreadPoolExecutor.runWorker(ThreadPoolExecutor.java:1090)
	at java.base/java.util.concurrent.ThreadPoolExecutor$Worker.run(ThreadPoolExecutor.java:614)
	at java.base/java.lang.Thread.run(Thread.java:1474)
[22:51:06] [Server thread/WARN]: Mismatch in destroy block pos: BlockPos{x=0, y=0, z=0} BlockPos{x=-151, y=233, z=-247}
[22:51:06] [Server thread/INFO]: KoreZ lost connection: Disconnected
[22:51:06] [Server thread/INFO]: [Equipo 4] KoreZ left the game
[22:51:06] [Server thread/INFO]: [voicechat] Disconnecting client KoreZ
[22:51:06] [Server thread/INFO]: Blolol01[/100.72.164.52:50609] logged in with entity id 3085 at (-141.5, 235.0, -244.5)
[22:51:06] [Server thread/INFO]: Blolol01 joined the game
[22:51:11] [Server thread/INFO]: KoreZ[/100.101.66.36:50276] logged in with entity id 3087 at (-144.7463571875426, 231.0, -258.6100313954714)
[22:51:11] [Server thread/INFO]: [Equipo 4] KoreZ joined the game
[22:51:11] [Server thread/INFO]: [voicechat] Received secret request of KoreZ (20)
[22:51:11] [Server thread/INFO]: [voicechat] Sent secret to KoreZ
[22:51:11] [VoiceChatPacketProcessingThread/INFO]: [voicechat] Successfully authenticated player cd5e72f8-6ffc-3be1-b0c4-4248ab888f78
[22:51:12] [VoiceChatPacketProcessingThread/INFO]: [voicechat] Successfully validated connection of player cd5e72f8-6ffc-3be1-b0c4-4248ab888f78
[22:51:12] [VoiceChatPacketProcessingThread/INFO]: [voicechat] Player KoreZ (cd5e72f8-6ffc-3be1-b0c4-4248ab888f78) successfully connected to voice chat
[22:51:14] [Server thread/INFO]: [Not Secure] <[AMOGUS] cosoduts> papayo
[22:51:17] [Server thread/WARN]: Mismatch in destroy block pos: BlockPos{x=0, y=0, z=0} BlockPos{x=-149, y=234, z=-245}
[22:51:17] [Server thread/WARN]: Mismatch in destroy block pos: BlockPos{x=0, y=0, z=0} BlockPos{x=-150, y=234, z=-245}
[22:51:17] [Server thread/WARN]: Mismatch in destroy block pos: BlockPos{x=0, y=0, z=0} BlockPos{x=-150, y=234, z=-245}
[22:51:17] [Server thread/WARN]: Mismatch in destroy block pos: BlockPos{x=0, y=0, z=0} BlockPos{x=-150, y=233, z=-245}
[22:51:18] [Server thread/WARN]: Mismatch in destroy block pos: BlockPos{x=0, y=0, z=0} BlockPos{x=-151, y=232, z=-247}
[22:51:18] [Server thread/WARN]: Mismatch in destroy block pos: BlockPos{x=0, y=0, z=0} BlockPos{x=-150, y=234, z=-245}
[22:51:18] [Server thread/WARN]: Mismatch in destroy block pos: BlockPos{x=0, y=0, z=0} BlockPos{x=-151, y=232, z=-249}
[22:51:18] [Server thread/WARN]: Mismatch in destroy block pos: BlockPos{x=0, y=0, z=0} BlockPos{x=-150, y=234, z=-245}
[22:51:18] [Server thread/WARN]: Mismatch in destroy block pos: BlockPos{x=0, y=0, z=0} BlockPos{x=-151, y=234, z=-246}
[22:51:18] [Server thread/WARN]: Mismatch in destroy block pos: BlockPos{x=0, y=0, z=0} BlockPos{x=-151, y=233, z=-246}
[22:51:18] [Server thread/WARN]: Mismatch in destroy block pos: BlockPos{x=0, y=0, z=0} BlockPos{x=-151, y=233, z=-247}
[22:51:19] [Server thread/WARN]: Mismatch in destroy block pos: BlockPos{x=0, y=0, z=0} BlockPos{x=-151, y=234, z=-247}
[22:51:20] [Server thread/WARN]: Mismatch in destroy block pos: BlockPos{x=0, y=0, z=0} BlockPos{x=-150, y=234, z=-245}
[22:51:20] [Server thread/WARN]: Mismatch in destroy block pos: BlockPos{x=0, y=0, z=0} BlockPos{x=-150, y=233, z=-245}
[22:51:20] [Server thread/WARN]: Mismatch in destroy block pos: BlockPos{x=0, y=0, z=0} BlockPos{x=-151, y=232, z=-246}
[22:51:20] [Server thread/WARN]: Mismatch in destroy block pos: BlockPos{x=0, y=0, z=0} BlockPos{x=-150, y=234, z=-245}
[22:51:20] [Server thread/WARN]: Mismatch in destroy block pos: BlockPos{x=0, y=0, z=0} BlockPos{x=-148, y=232, z=-245}
[22:51:20] [Server thread/WARN]: Mismatch in destroy block pos: BlockPos{x=0, y=0, z=0} BlockPos{x=-150, y=234, z=-245}
[22:51:20] [Server thread/WARN]: Mismatch in destroy block pos: BlockPos{x=0, y=0, z=0} BlockPos{x=-150, y=233, z=-245}
[22:51:20] [Server thread/WARN]: Mismatch in destroy block pos: BlockPos{x=0, y=0, z=0} BlockPos{x=-148, y=232, z=-245}
[22:51:20] [Server thread/WARN]: Mismatch in destroy block pos: BlockPos{x=0, y=0, z=0} BlockPos{x=-150, y=233, z=-245}
[22:51:21] [Server thread/WARN]: Mismatch in destroy block pos: BlockPos{x=0, y=0, z=0} BlockPos{x=-150, y=234, z=-245}
[22:51:21] [Server thread/WARN]: Mismatch in destroy block pos: BlockPos{x=0, y=0, z=0} BlockPos{x=-150, y=234, z=-245}
[22:51:21] [Server thread/WARN]: Mismatch in destroy block pos: BlockPos{x=0, y=0, z=0} BlockPos{x=-150, y=234, z=-245}
[22:51:21] [Server thread/WARN]: Mismatch in destroy block pos: BlockPos{x=0, y=0, z=0} BlockPos{x=-151, y=231, z=-248}
[22:51:21] [Server thread/WARN]: Mismatch in destroy block pos: BlockPos{x=0, y=0, z=0} BlockPos{x=-150, y=234, z=-245}
[22:51:22] [Server thread/WARN]: Mismatch in destroy block pos: BlockPos{x=0, y=0, z=0} BlockPos{x=-150, y=233, z=-245}
[22:51:22] [Server thread/WARN]: Mismatch in destroy block pos: BlockPos{x=0, y=0, z=0} BlockPos{x=-150, y=232, z=-245}
[22:51:22] [Server thread/WARN]: Mismatch in destroy block pos: BlockPos{x=0, y=0, z=0} BlockPos{x=-150, y=234, z=-245}
[22:51:22] [Server thread/WARN]: Mismatch in destroy block pos: BlockPos{x=0, y=0, z=0} BlockPos{x=-150, y=234, z=-245}
[22:51:22] [Server thread/WARN]: Mismatch in destroy block pos: BlockPos{x=0, y=0, z=0} BlockPos{x=-151, y=231, z=-247}
[22:51:22] [Server thread/WARN]: Mismatch in destroy block pos: BlockPos{x=0, y=0, z=0} BlockPos{x=-150, y=234, z=-245}
[22:51:23] [Server thread/WARN]: Mismatch in destroy block pos: BlockPos{x=0, y=0, z=0} BlockPos{x=-151, y=234, z=-246}
[22:51:23] [Server thread/WARN]: Mismatch in destroy block pos: BlockPos{x=0, y=0, z=0} BlockPos{x=-151, y=234, z=-246}
[22:51:23] [Server thread/WARN]: Mismatch in destroy block pos: BlockPos{x=0, y=0, z=0} BlockPos{x=-150, y=231, z=-245}
[22:51:23] [Server thread/WARN]: Mismatch in destroy block pos: BlockPos{x=0, y=0, z=0} BlockPos{x=-150, y=234, z=-245}
[22:51:23] [Server thread/WARN]: Mismatch in destroy block pos: BlockPos{x=0, y=0, z=0} BlockPos{x=-150, y=233, z=-245}
[22:51:23] [Server thread/WARN]: Mismatch in destroy block pos: BlockPos{x=-183, y=101, z=52} BlockPos{x=-141, y=232, z=-262}
[22:51:23] [Server thread/WARN]: Mismatch in destroy block pos: BlockPos{x=-183, y=101, z=52} BlockPos{x=-141, y=233, z=-262}
[22:51:23] [Server thread/WARN]: Mismatch in destroy block pos: BlockPos{x=0, y=0, z=0} BlockPos{x=-150, y=232, z=-245}
[22:51:23] [Server thread/WARN]: Mismatch in destroy block pos: BlockPos{x=0, y=0, z=0} BlockPos{x=-150, y=233, z=-245}
[22:51:24] [Server thread/WARN]: Mismatch in destroy block pos: BlockPos{x=0, y=0, z=0} BlockPos{x=-146, y=231, z=-245}
[22:51:24] [Server thread/WARN]: Mismatch in destroy block pos: BlockPos{x=0, y=0, z=0} BlockPos{x=-150, y=234, z=-245}
[22:51:24] [Server thread/WARN]: Mismatch in destroy block pos: BlockPos{x=0, y=0, z=0} BlockPos{x=-150, y=234, z=-245}
[22:51:24] [Server thread/WARN]: Mismatch in destroy block pos: BlockPos{x=0, y=0, z=0} BlockPos{x=-150, y=234, z=-245}
[22:51:24] [Server thread/WARN]: Mismatch in destroy block pos: BlockPos{x=0, y=0, z=0} BlockPos{x=-149, y=230, z=-247}
[22:51:25] [Server thread/WARN]: Mismatch in destroy block pos: BlockPos{x=0, y=0, z=0} BlockPos{x=-150, y=234, z=-245}
[22:51:25] [Server thread/WARN]: Mismatch in destroy block pos: BlockPos{x=0, y=0, z=0} BlockPos{x=-142, y=231, z=-245}
[22:51:25] [Server thread/WARN]: Mismatch in destroy block pos: BlockPos{x=-183, y=101, z=52} BlockPos{x=-137, y=230, z=-256}
[22:51:25] [Server thread/WARN]: Mismatch in destroy block pos: BlockPos{x=0, y=0, z=0} BlockPos{x=-143, y=231, z=-245}
[22:51:25] [Server thread/WARN]: Mismatch in destroy block pos: BlockPos{x=0, y=0, z=0} BlockPos{x=-144, y=231, z=-245}
[22:51:25] [Server thread/WARN]: Mismatch in destroy block pos: BlockPos{x=0, y=0, z=0} BlockPos{x=-150, y=234, z=-245}
[22:51:25] [Server thread/WARN]: Mismatch in destroy block pos: BlockPos{x=0, y=0, z=0} BlockPos{x=-146, y=230, z=-246}
[22:51:25] [Server thread/WARN]: Mismatch in destroy block pos: BlockPos{x=0, y=0, z=0} BlockPos{x=-150, y=234, z=-245}
[22:51:26] [Server thread/WARN]: Mismatch in destroy block pos: BlockPos{x=0, y=0, z=0} BlockPos{x=-150, y=234, z=-245}
[22:51:26] [Server thread/WARN]: Mismatch in destroy block pos: BlockPos{x=0, y=0, z=0} BlockPos{x=-147, y=230, z=-249}
[22:51:26] [Server thread/WARN]: Mismatch in destroy block pos: BlockPos{x=0, y=0, z=0} BlockPos{x=-148, y=230, z=-249}
[22:51:26] [Server thread/WARN]: Mismatch in destroy block pos: BlockPos{x=0, y=0, z=0} BlockPos{x=-148, y=230, z=-247}
[22:51:27] [Server thread/WARN]: Mismatch in destroy block pos: BlockPos{x=0, y=0, z=0} BlockPos{x=-146, y=230, z=-253}
[22:51:27] [Server thread/WARN]: Mismatch in destroy block pos: BlockPos{x=0, y=0, z=0} BlockPos{x=-145, y=230, z=-254}
[22:51:27] [Server thread/WARN]: Mismatch in destroy block pos: BlockPos{x=0, y=0, z=0} BlockPos{x=-143, y=230, z=-253}
[22:51:27] [Server thread/WARN]: Mismatch in destroy block pos: BlockPos{x=0, y=0, z=0} BlockPos{x=-141, y=230, z=-251}
[22:51:28] [Server thread/WARN]: Mismatch in destroy block pos: BlockPos{x=0, y=0, z=0} BlockPos{x=-139, y=230, z=-250}
[22:51:28] [Server thread/WARN]: Mismatch in destroy block pos: BlockPos{x=0, y=0, z=0} BlockPos{x=-139, y=230, z=-250}
[22:51:28] [Server thread/WARN]: Mismatch in destroy block pos: BlockPos{x=0, y=0, z=0} BlockPos{x=-139, y=230, z=-252}
